Date,Series1,Series2,Series3,Series4
0,0,0,0,0
1,0.841470985,1.68294197,2.524412954,3.365883939
2,0.909297427,1.818594854,2.72789228,3.637189707
3,0.141120008,0.282240016,0.423360024,0.564480032
4,-0.756802495,-1.513604991,-2.270407486,-3.027209981
5,-0.958924275,-1.917848549,-2.876772824,-3.835697099
6,-0.279415498,-0.558830996,-0.838246495,-1.117661993
7,0.656986599,1.313973197,1.970959796,2.627946395
8,0.989358247,1.978716493,2.96807474,3.957432986
9,0.412118485,0.82423697,1.236355456,1.648473941
10,-0.544021111,-1.088042222,-1.632063333,-2.176084444
11,-0.999990207,-1.999980413,-2.99997062,-3.999960826
12,-0.536572918,-1.073145836,-1.609718754,-2.146291672
13,0.420167037,0.840334074,1.26050111,1.680668147
14,0.990607356,1.981214711,2.971822067,3.962429423
15,0.65028784,1.30057568,1.95086352,2.601151361
16,-0.287903317,-0.575806633,-0.86370995,-1.151613267
17,-0.961397492,-1.922794984,-2.884192476,-3.845589968
18,-0.750987247,-1.501974494,-2.25296174,-3.003948987
19,0.14987721,0.299754419,0.449631629,0.599508839
20,0.912945251,1.825890501,2.738835752,3.651781003
21,0.836655639,1.673311277,2.509966916,3.346622554
22,-0.008851309,-0.017702619,-0.026553928,-0.035405237
23,-0.846220404,-1.692440808,-2.538661213,-3.384881617
24,-0.905578362,-1.811156724,-2.716735086,-3.622313448
25,-0.13235175,-0.2647035,-0.39705525,-0.529407
26,0.76255845,1.525116901,2.287675351,3.050233802
27,0.956375928,1.912751857,2.869127785,3.825503714
28,0.270905788,0.541811577,0.812717365,1.083623153
29,-0.663633884,-1.327267768,-1.990901653,-2.654535537
30,-0.988031624,-1.976063248,-2.964094872,-3.952126496
31,-0.404037645,-0.808075291,-1.212112936,-1.616150581
32,0.551426681,1.102853362,1.654280044,2.205706725
33,0.99991186,1.99982372,2.99973558,3.99964744
34,0.529082686,1.058165372,1.587248058,2.116330744
35,-0.428182669,-0.856365339,-1.284548008,-1.712730678
36,-0.991778853,-1.983557707,-2.97533656,-3.967115414
37,-0.643538133,-1.287076267,-1.9306144,-2.574152533
38,0.296368579,0.592737157,0.889105736,1.185474315
39,0.963795386,1.927590773,2.891386159,3.855181545
40,0.74511316,1.490226321,2.235339481,2.980452642
41,-0.158622669,-0.317245338,-0.475868006,-0.634490675
42,-0.916521548,-1.833043096,-2.749564644,-3.666086192
43,-0.831774743,-1.663549485,-2.495324228,-3.327098971
44,0.017701925,0.03540385,0.053105775,0.0708077
45,0.850903525,1.701807049,2.552710574,3.403614098
46,0.901788348,1.803576695,2.705365043,3.607153391
47,0.123573123,0.247146245,0.370719368,0.494292491
48,-0.768254661,-1.536509323,-2.304763984,-3.073018645
49,-0.953752653,-1.907505306,-2.861257958,-3.815010611
50,-0.262374854,-0.524749707,-0.787124561,-1.049499415
51,0.670229176,1.340458352,2.010687528,2.680916703
52,0.986627592,1.973255184,2.959882776,3.946510368
53,0.39592515,0.7918503,1.187775451,1.583700601
54,-0.558789049,-1.117578098,-1.676367147,-2.235156195
55,-0.999755173,-1.999510347,-2.99926552,-3.999020693
56,-0.521551002,-1.043102004,-1.564653006,-2.086204008
57,0.436164755,0.87232951,1.308494266,1.744659021
58,0.992872648,1.985745296,2.978617944,3.971490592
59,0.636738007,1.273476014,1.910214021,2.546952029
60,-0.304810621,-0.609621242,-0.914431863,-1.219242484
61,-0.96611777,-1.93223554,-2.89835331,-3.86447108
62,-0.739180697,-1.478361393,-2.21754209,-2.956722787
63,0.1673557,0.334711401,0.502067101,0.669422801
64,0.920026038,1.840052076,2.760078115,3.680104153
65,0.826828679,1.653657359,2.480486038,3.307314718
66,-0.026551154,-0.053102308,-0.079653462,-0.106204616
67,-0.855519979,-1.711039958,-2.566559937,-3.422079916
68,-0.897927681,-1.795855361,-2.693783042,-3.591710723
69,-0.114784814,-0.229569628,-0.344354441,-0.459139255
70,0.773890682,1.547781363,2.321672045,3.095562726
71,0.951054653,1.902109307,2.85316396,3.804218613
72,0.253823363,0.507646726,0.761470088,1.015293451
73,-0.676771957,-1.353543914,-2.030315871,-2.707087828
74,-0.98514626,-1.970292521,-2.955438781,-3.940585042
75,-0.387781635,-0.775563271,-1.163344906,-1.551126542
76,0.566107637,1.132215274,1.698322911,2.264430548
77,0.999520159,1.999040317,2.998560476,3.998080634
78,0.513978456,1.027956912,1.541935368,2.055913824
79,-0.444112669,-0.888225337,-1.332338006,-1.776450675
80,-0.993888654,0.5,-2.981665962,-3.975554616
81,-0.629887994,0.5,-1.889663983,-2.519551977
82,0.313228782,0.5,0.939686347,1.25291513
83,0.968364461,0.5,2.905093383,3.873457844
84,0.73319032,0.5,2.19957096,2.93276128
85,-0.17607562,0.5,-0.52822686,-0.70430248
86,-0.923458447,0.5,-2.770375341,-3.693833788
87,-0.821817837,0.5,-2.46545351,-3.287271347
88,0.035398303,0.5,0.106194908,0.141593211
89,0.860069406,0.5,2.580208217,3.440277623
90,0.893996664,0.5,2.681989991,3.575986654
91,0.105987512,0.5,0.317962535,0.423950047
92,-0.77946607,0.5,-2.338398209,-3.117864278
93,-0.948282141,0.5,-2.844846424,-3.793128565
94,-0.245251985,0.5,-0.735755956,-0.981007942
95,0.683261715,0.5,2.049785144,2.733046859
96,0.983587745,0.5,2.950763236,3.934350982
97,0.379607739,0.5,1.138823217,1.518430956
98,-0.573381872,0.5,-1.720145616,-2.293527488
99,-0.999206834,0.5,-2.997620503,-3.996827337
100,-0.506365641,-1.012731282,-1.519096923,-2.025462564
101,0.452025787,0.904051574,1.356077362,1.808103149
102,0.994826791,1.989653583,2.984480374,3.979307165
103,0.622988631,1.245977263,1.868965894,2.491954526
104,-0.321622403,-0.643244806,-0.964867209,-1.286489613
105,-0.970535284,-1.941070567,-2.911605851,-3.882141134
106,-0.7271425,-1.454285,-2.1814275,-2.90857
107,0.184781745,0.369563489,0.554345234,0.739126978
108,0.926818505,1.853637011,2.780455516,3.707274022
109,0.816742607,1.633485213,2.45022782,3.266970427
110,-0.044242678,-0.088485356,-0.132728034,-0.176970712
111,-0.864551449,-1.729102897,-2.593654346,-3.458205794
112,-0.889995604,-1.779991209,-2.669986813,-3.559982417
113,-0.097181906,-0.194363812,-0.291545718,-0.388727624
114,0.784980389,1.569960777,2.354941166,3.139921555
115,0.945435334,1.890870668,2.836306002,3.781741336
116,0.236661393,0.473322787,0.70998418,0.946645573
117,-0.689697941,-1.379395882,-2.069093823,-2.758791764
118,-0.981952169,-1.963904338,-2.945856507,-3.927808676
119,-0.371404101,-0.742808203,-1.114212304,-1.485616406
120,0.580611184,1.161222368,1.741833553,2.322444737
121,0.998815225,1.997630449,2.996445674,3.995260899
122,0.498713154,0.997426308,1.496139462,1.994852616
123,-0.459903491,-0.919806981,-1.379710472,-1.839613963
124,-0.995686987,-1.991373974,-2.987060961,-3.982747948
125,-0.616040459,-1.232080918,-1.848121378,-2.464161837
126,0.329990826,0.659981651,0.989972477,1.319963303
127,0.972630067,1.945260134,2.917890202,3.890520269
128,0.721037711,1.442075421,2.163113132,2.884150842
129,-0.193473392,-0.386946784,-0.580420176,-0.773893568
130,-0.93010595,-1.8602119,-2.790317851,-3.720423801
131,-0.811603387,-1.623206774,-2.434810161,-3.246413549
132,0.053083587,0.106167174,0.159250761,0.212334349
133,0.868965756,1.737931512,2.606897269,3.475863025
134,0.885924816,1.771849633,2.657774449,3.543699266
135,0.088368686,0.176737372,0.265106058,0.353474744
136,-0.790433207,-1.580866413,-2.37129962,-3.161732827
137,-0.942514455,-1.885028909,-2.827543364,-3.770057818
138,-0.22805226,-0.456104519,-0.684156779,-0.912209038
139,0.696080131,1.392160262,2.088240394,2.784320525
140,0.980239659,1.960479319,2.940718978,3.920958638
141,0.363171365,0.726342731,1.089514096,1.452685461
142,-0.587795007,-1.175590014,-1.763385022,-2.351180029
143,-0.998345361,-1.996690722,-2.995036083,-3.993381443
144,-0.491021594,-0.982043188,-1.473064782,-1.964086376
145,0.467745162,0.935490324,1.403235486,1.870980648
146,0.996469173,1.992938346,2.989407519,3.985876692
147,0.609044022,1.218088044,1.827132066,2.436176088
148,-0.338333394,-0.676666789,-1.015000183,-1.353333577
149,-0.974648648,-1.949297296,-2.923945944,-3.898594592
150,-0.71487643,-1.429752859,-2.144629289,-2.859505719
151,0.202149881,0.404299763,0.606449644,0.808599526
152,0.933320524,1.866641047,2.799961571,3.733282095
153,0.806400581,1.612801162,2.419201742,3.225602323
154,-0.061920337,-0.123840675,-0.185761012,-0.247681349
155,-0.873311983,-1.746623966,-2.619935948,-3.493247931
156,-0.881784619,-1.763569238,-2.645353856,-3.527138475
157,-0.079548543,-0.159097086,-0.238645629,-0.318194171
158,0.795824097,1.591648193,2.38747229,3.183296386
159,0.939519732,1.879039463,2.818559195,3.758078927
160,0.219425258,0.438850517,0.658275775,0.877701034
161,-0.702407786,-1.404815571,-2.107223357,-2.809631142
162,-0.978450351,-1.956900702,-2.935351052,-3.913801403
163,-0.354910176,-0.709820352,-1.064730528,-1.419640703
164,0.594932778,1.189865556,1.784798334,2.379731112
165,0.997797279,1.995594559,2.993391838,3.991189118
166,0.483291564,0.966583127,1.449874691,1.933166255
167,-0.475550187,-0.951100374,-1.426650561,-1.902200747
168,-0.997173289,-1.994346578,-2.991519866,-3.988693155
169,-0.601999868,-1.203999735,-1.805999603,-2.407999471
170,0.346649455,0.693298911,1.039948366,1.386597822
171,0.976590868,1.953181736,2.929772604,3.906363472
172,0.70865914,1.41731828,2.125977421,2.834636561
173,-0.210810533,-0.421621066,-0.632431599,-0.843242132
174,-0.936461974,-1.872923949,-2.809385923,-3.745847897
175,-0.801134595,-1.60226919,-2.403403786,-3.204538381
176,0.070752236,0.141504472,0.212256708,0.283008944
177,0.877589788,1.755179576,2.632769363,3.510359151
178,0.877575336,1.755150672,2.632726007,3.510301343
179,0.070722167,0.141444334,0.212166502,0.282888669
180,-0.801152636,-1.602305271,-2.403457907,-3.204610543
181,-0.9364514,-1.8729028,-2.8093542,-3.7458056
182,-0.210781066,-0.421562132,-0.632343198,-0.843124264
183,0.708680408,1.417360816,2.126041225,2.834721633
184,0.976584383,1.953168767,2.92975315,3.906337533
185,0.34662118,0.69324236,1.03986354,1.38648472
186,-0.602023938,-1.204047875,-1.806071813,-2.40809575
187,-0.997171023,-1.994342047,-2.99151307,-3.988684094
188,-0.475523669,-0.951047338,-1.426571007,-1.902094676
189,0.483317954,0.966635907,1.449953861,1.933271815
190,0.997799279,1.995598557,2.993397836,3.991197115
191,0.594908548,1.189817097,1.784725645,2.379634194
192,-0.354938358,-0.709876715,-1.064815073,-1.419753431
193,-0.978456575,-1.956913149,-2.935369724,-3.913826298
194,-0.702386329,-1.404772659,-2.107158988,-2.809545317
195,0.219454668,0.438909336,0.658364004,0.877818672
196,0.939530056,1.879060111,2.818590167,3.758120222
197,0.795805843,1.591611686,2.387417529,3.183223372
198,-0.079578592,-0.159157183,-0.238735775,-0.318314367
199,-0.881798836,-1.763597672,-2.645396508,-3.527195344
200,-0.873297297,-1.746594594,-2.619891892,-3.493189189
201,-0.061890251,-0.123780501,-0.185670752,-0.247561003
202,0.806418407,1.612836814,2.419255221,3.225673627
203,0.9333097,1.8666194,2.799929101,3.733238801
204,0.202120359,0.404240719,0.606361078,0.808481437
205,-0.714897508,-1.429795016,-2.144692523,-2.859590031
206,-0.974641903,-1.949283806,-2.923925709,-3.898567613
207,-0.338305028,-0.676610055,-1.014915083,-1.35322011
208,0.60906793,1.21813586,1.827203791,2.436271721
209,0.996466642,1.992933284,2.989399925,3.985866567
210,0.467718518,0.935437037,1.403155555,1.870874073
211,-0.491047854,-0.982095708,-1.473143562,-1.964191415
212,-0.998347094,-1.996694188,-2.995041281,-3.993388375
213,-0.58777062,-1.17554124,-1.763311859,-2.351082479
214,0.363199451,0.726398903,1.089598354,1.452797806
215,0.980245622,1.960491244,2.940736866,3.920982488
216,0.696058488,1.392116977,2.088175465,2.784233953
217,-0.228081609,-0.456163219,-0.684244828,-0.912326438
218,-0.942524527,-1.885049055,-2.827573582,-3.770098109
219,-0.790414741,-1.580829483,-2.371244224,-3.161658966
220,0.088398712,0.176797425,0.265196137,0.35359485
221,0.885938798,1.771877596,2.657816394,3.543755192
222,0.868950838,1.737901676,2.606852515,3.475803353
223,0.053053485,0.106106971,0.159160456,0.212213941
224,-0.811620997,-1.623241995,-2.434862992,-3.246483989
225,-0.930094878,-1.860189756,-2.790284634,-3.720379512
226,-0.193443817,-0.386887634,-0.580331451,-0.773775269
227,0.721058597,1.442117194,2.163175791,2.884234388
228,0.972623062,1.945246125,2.917869187,3.89049225
229,0.32996237,0.659924739,0.989887109,1.319849479
230,-0.616064204,-1.232128408,-1.848192612,-2.464256816
231,-0.99568419,-1.99136838,-2.987052569,-3.982736759
232,-0.459876723,-0.919753446,-1.37963017,-1.839506893
233,0.498739282,0.997478564,1.496217845,1.994957127
234,0.998816691,1.997633382,2.996450074,3.995266765
235,0.580586641,1.161173282,1.741759923,2.322346564
236,-0.371432089,-0.742864179,-1.114296268,-1.485728358
237,-0.98195787,-1.96391574,-2.945873609,-3.927831479
238,-0.689676113,-1.379352226,-2.06902834,-2.758704453
239,0.236690681,0.473381363,0.710072044,0.946762725
240,0.945445155,1.89089031,2.836335465,3.78178062
241,0.784961713,1.569923427,2.35488514,3.139846853
242,-0.097211908,-0.194423815,-0.291635723,-0.38884763
243,-0.890009349,-1.780018698,-2.670028047,-3.560037395
244,-0.864536299,-1.729072599,-2.593608898,-3.458145197
245,-0.044212563,-0.088425126,-0.13263769,-0.176850253
246,0.81676,1.633519999,2.450279999,3.267039998
247,0.926807186,1.853614371,2.780421557,3.707228742
248,0.184752119,0.369504238,0.554256358,0.739008477
249,-0.727163193,-1.454326387,-2.18148958,-2.908652774
250,-0.97052802,-1.941056039,-2.911584059,-3.882112078
251,-0.32159386,-0.643187721,-0.964781581,-1.286375441
252,0.623012211,1.246024422,1.869036633,2.492048844
253,0.994823729,1.989647457,2.984471186,3.979294915
254,0.451998898,0.903997796,1.355996694,1.807995592
255,-0.506391635,-1.01278327,-1.519174905,-2.02556654
256,-0.999208034,-1.998416068,-2.997624102,-3.996832136
257,-0.573357175,-1.14671435,-1.720071524,-2.293428699
258,0.379635627,0.759271254,1.13890688,1.518542507
259,0.983593184,1.967186368,2.950779552,3.934372736
260,0.683239704,1.366479408,2.049719111,2.732958815
261,-0.245281209,-0.490562418,-0.735843627,-0.981124836
262,-0.94829171,-1.896583419,-2.844875129,-3.793166838
263,-0.779447185,-1.558894371,-2.338341556,-3.117788742
264,0.106017486,0.212034973,0.318052459,0.424069945
265,0.89401017,1.78802034,2.68203051,3.57604068
266,0.860054026,1.720108053,2.580162079,3.440216106
267,0.035368177,0.070736355,0.106104532,0.141472709
268,-0.821835011,-1.643670022,-2.465505033,-3.287340044
269,-0.92344688,-1.84689376,-2.770340641,-3.693787521
270,-0.176045946,-0.352091893,-0.528137839,-0.704183786
271,0.733210819,1.466421637,2.199632456,2.932843274
272,0.968356938,1.936713877,2.905070815,3.873427754
273,0.313200155,0.62640031,0.939600465,1.252800619
274,-0.629911407,-1.259822813,-1.88973422,-2.519645627
275,-0.993885326,-1.987770652,-2.981655978,-3.975541304
276,-0.44408566,-0.88817132,-1.33225698,-1.77634264
277,0.514004314,1.028008627,1.542012941,2.056017255
278,0.999521092,1.999042184,2.998563276,3.998084367
279,0.566082788,1.132165575,1.698248363,2.264331151
280,-0.387809421,-0.775618842,-1.163428262,-1.551237683
281,-0.985151436,-1.970302873,-2.955454309,-3.940605745
282,-0.676749765,-1.353499529,-2.030249294,-2.706999058
283,0.25385252,0.50770504,0.761557559,1.015410079
284,0.951063968,1.902127936,2.853191904,3.804255872
285,0.77387159,1.54774318,2.321614771,3.095486361
286,-0.114814759,-0.229629518,-0.344444277,-0.459259035
287,-0.897940948,-1.795881896,-2.693822844,-3.591763792
288,-0.855504371,-1.711008742,-2.566513112,-3.422017483
289,-0.02652102,-0.053042041,-0.079563061,-0.106084081
290,0.826845634,1.653691268,2.480536902,3.307382536
291,0.920014225,1.840028451,2.760042676,3.680056902
292,0.167325981,0.334651962,0.501977943,0.669303924
293,-0.739200999,-1.478401998,-2.217602996,-2.956803995
294,-0.966109989,-1.932219979,-2.898329968,-3.864439957
295,-0.304781911,-0.609563822,-0.914345733,-1.219127644
296,0.636761251,1.273522501,1.910283752,2.547045002
297,0.992869055,1.98573811,2.978607165,3.97147622
298,0.436137629,0.872275258,1.308412887,1.744550517
299,-0.521576722,-1.043153443,-1.564730165,-2.086306886
300,-0.99975584,-1.99951168,-2.99926752,-3.99902336
301,-0.55876405,-1.117528099,-1.676292149,-2.235056198
302,0.395952831,0.791905662,1.187858493,1.583811324
303,0.986632505,1.97326501,2.959897515,3.946530019
304,0.670206804,1.340413608,2.010620411,2.680827215
305,-0.262403942,-0.524807884,-0.787211826,-1.049615767
306,-0.953761713,-1.907523427,-2.86128514,-3.815046854
307,-0.768235364,-1.536470728,-2.304706093,-3.072941457
308,0.123603036,0.247206072,0.370809108,0.494412144
309,0.901801375,1.80360275,2.705404125,3.6072055
310,0.850887689,1.701775377,2.552663066,3.403550755
311,0.017671785,0.035343571,0.053015356,0.070687142
312,-0.831791476,-1.663582952,-2.495374427,-3.327165903
313,-0.91650949,-1.83301898,-2.749528471,-3.666037961
314,-0.158592906,-0.317185812,-0.475778718,-0.634371624
315,0.745133265,1.490266529,2.235399794,2.980533058
316,0.963787348,1.927574696,2.891362044,3.855149392
317,0.296339788,0.592679577,0.889019365,1.185359154
318,-0.643561206,-1.287122412,-1.930683618,-2.574244824
319,-0.991774996,-1.983549991,-2.975324987,-3.967099982
320,-0.428155428,-0.856310856,-1.284466284,-1.712621712
321,0.529108265,1.058216531,1.587324796,2.116433062
322,0.99991226,1.99982452,2.99973678,3.999649039
323,0.551401534,1.102803068,1.654204602,2.205606135
324,-0.404065219,-0.808130439,-1.212195658,-1.616260878
325,-0.988036273,-1.976072547,-2.96410882,-3.952145094
326,-0.663611334,-1.327222668,-1.990834003,-2.654445337
327,0.270934805,0.541869611,0.812804416,1.083739221
328,0.956384734,1.912769469,2.869154203,3.825538937
329,0.762538949,1.525077898,2.287616848,3.050155797
330,-0.132381629,-0.264763258,-0.397144888,-0.529526517
331,-0.905591148,-1.811182296,-2.716773445,-3.622364593
332,-0.846204342,-1.692408684,-2.538613026,-3.384817368
333,-0.008821166,-0.017642332,-0.026463498,-0.035284664
334,0.836672149,1.673344298,2.510016447,3.346688596
335,0.912932949,1.825865898,2.738798847,3.651731796
336,0.149847406,0.299694811,0.449542217,0.599389623
337,-0.751007151,-1.502014303,-2.253021454,-3.004028605
338,-0.961389197,-1.922778394,-2.88416759,-3.845556787
339,-0.287874449,-0.575748897,-0.863623346,-1.151497794
340,0.65031074,1.30062148,1.95093222,2.601242961
341,0.990603233,1.981206467,2.9718097,3.962412934
342,0.420139682,0.840279364,1.260419047,1.680558729
343,-0.536598355,-1.07319671,-1.609795066,-2.146393421
344,-0.99999034,-1.999980679,-2.999971019,-3.999961358
345,-0.543995817,-1.087991635,-1.631987452,-2.175983269
346,0.41214595,0.824291901,1.236437851,1.648583802
347,0.989362632,1.978725264,2.968087897,3.957450529
348,0.656963873,1.313927745,1.970891618,2.62785549
349,-0.279444442,-0.558888884,-0.838333325,-1.117777767
350,-0.958932825,-1.91786565,-2.876798475,-3.8357313
351,-0.756782791,-1.513565583,-2.270348374,-3.027131165
352,0.141149851,0.282299701,0.423449552,0.564599403
353,0.909309971,1.818619942,2.727929913,3.637239884
354,0.841454697,1.682909395,2.524364092,3.365818789
355,-3.01E-05,-6.03E-05,-9.04E-05,-0.000120577
356,-0.841487271,-1.682974543,-2.524461814,-3.365949086
357,-0.909284882,-1.818569764,-2.727854646,-3.637139528
358,-0.141090165,-0.282180331,-0.423270496,-0.564360661
359,0.756822199,1.513644397,2.270466596,3.027288795
360,0.958915723,1.917831447,2.87674717,3.835662894
361,0.279386554,0.558773109,0.838159663,1.117546217
362,-0.657009324,-1.314018649,-1.971027973,-2.628037297
363,-0.98935386,-1.97870772,-2.968061581,-3.957415441
364,-0.41209102,-0.824182039,-1.236273059,-1.648364078
365,0.544046404,1.088092808,1.632139212,2.176185616
366,0.999990073,1.999980145,2.999970218,3.999960291
367,0.53654748,1.073094961,1.609642441,2.146189921
368,-0.420194391,-0.840388782,-1.260583173,-1.680777564
369,-0.990611477,-1.981222954,-2.971834431,-3.962445908
370,-0.65026494,-1.300529879,-1.950794819,-2.601059758
371,0.287932185,0.575864369,0.863796554,1.151728738
372,0.961405786,1.922811572,2.884217358,3.845623144
373,0.750967342,1.501934683,2.252902025,3.003869366
374,-0.149907013,-0.299814027,-0.44972104,-0.599628054
375,-0.912957552,-1.825915103,-2.738872655,-3.651830207
376,-0.836639127,-1.673278254,-2.509917382,-3.346556509
377,0.008881452,0.017762905,0.026644357,0.03552581
378,0.846236466,1.692472931,2.538709397,3.384945863
379,0.905565575,1.81113115,2.716696725,3.6222623
380,0.132321871,0.264643742,0.396965613,0.529287483
381,-0.762577951,-1.525155902,-2.287733853,-3.050311804
382,-0.956367122,-1.912734243,-2.869101365,-3.825468487
383,-0.270876771,-0.541753542,-0.812630313,-1.083507084
384,0.663656434,1.327312867,1.990969301,2.654625734
385,0.988026974,1.976053948,2.964080922,3.952107895
386,0.404010071,0.808020142,1.212030212,1.616040283
387,-0.551451828,-1.102903656,-1.654355484,-2.205807312
388,-0.999911459,-1.999822919,-2.999734378,-3.999645838
389,-0.529057106,-1.058114213,-1.587171319,-2.116228425
390,0.428209911,0.856419821,1.284629732,1.712839642
391,0.99178271,1.983565421,2.975348131,3.967130842
392,0.64351506,1.28703012,1.93054518,2.574060241
393,-0.296397369,-0.592794737,-0.889192106,-1.185589475
394,-0.963803424,-1.927606847,-2.891410271,-3.855213694
395,-0.745093056,-1.490186111,-2.235279167,-2.980372223
396,0.158652431,0.317304863,0.475957294,0.634609726
397,0.916533605,1.83306721,2.749600814,3.666134419
398,0.831758009,1.663516017,2.495274026,3.327032035
399,-0.017732065,-0.035464129,-0.053196194,-0.070928259
400,-0.85091936,-1.701838719,-2.552758079,-3.403677439
401,-0.90177532,-1.803550639,-2.705325959,-3.607101278
402,-0.123543209,-0.247086419,-0.370629628,-0.494172838
403,0.768273958,1.536547915,2.304821873,3.073095831
404,0.953743591,1.907487182,2.861230773,3.814974365
405,0.262345765,0.524691531,0.787037296,1.049383061
406,-0.670251547,-1.340503095,-2.010754642,-2.681006189
407,-0.986622678,-1.973245357,-2.959868035,-3.946490713
408,-0.395897469,-0.791794938,-1.187692407,-1.583589876
409,0.558814048,1.117628095,1.676442143,2.23525619
410,0.999754506,1.999509012,2.999263518,3.999018024
411,0.521525282,1.043050564,1.564575846,2.086101128
412,-0.436191881,-0.872383762,-1.308575643,-1.744767524
413,-0.99287624,-1.98575248,-2.978628721,-3.971504961
414,-0.636714763,-1.273429526,-1.910144289,-2.546859053
415,0.304839331,0.609678662,0.914517993,1.219357323
416,0.96612555,1.9322511,2.89837665,3.8645022
417,0.739160394,1.478320788,2.217481182,2.956641576
418,-0.167385419,-0.334770839,-0.502156258,-0.669541678
419,-0.92003785,-1.8400757,-2.76011355,-3.6801514
420,-0.826811724,-1.653623449,-2.480435173,-3.307246897
421,0.026581288,0.053162575,0.079743863,0.106325151
422,0.855535586,1.711071173,2.566606759,3.422142346
423,0.897914412,1.795828825,2.693743237,3.59165765
424,0.114754869,0.229509737,0.344264606,0.459019474
425,-0.773909772,-1.547819544,-2.321729317,-3.095639089
426,-0.951045338,-1.902090675,-2.853136013,-3.80418135
427,-0.253794206,-0.507588411,-0.761382617,-1.015176822
428,0.676794149,1.353588297,2.030382446,2.707176595
429,0.985141084,1.970282167,2.955423251,3.940564335
430,0.38775385,0.775507699,1.163261549,1.551015399
431,-0.566132486,-1.132264971,-1.698397457,-2.264529942
432,-0.999519224,-1.999038449,-2.998557673,-3.998076898
433,-0.513952598,-1.027905196,-1.541857794,-2.055810391
434,0.444139677,0.888279354,1.332419031,1.776558708
435,0.993891981,1.987783962,2.981675943,3.975567924
436,0.629864581,1.259729163,1.889593744,2.519458325
437,-0.31325741,-0.626514819,-0.939772229,-1.253029639
438,-0.968371983,-1.936743966,-2.905115949,-3.873487932
439,-0.733169821,-1.466339642,-2.199509463,-2.932679283
440,0.176105293,0.352210587,0.52831588,0.704421173
441,0.923470013,1.846940026,2.770410039,3.693880052
442,0.821800662,1.643601323,2.465401985,3.287202646
443,-0.035428428,-0.070856856,-0.106285285,-0.141713713
444,-0.860084784,-1.720169569,-2.580254353,-3.440339138
445,-0.893983156,-1.787966313,-2.681949469,-3.575932625
446,-0.105957537,-0.211915074,-0.317872611,-0.423830149
447,0.779484953,1.558969906,2.338454859,3.117939812
448,0.948272572,1.896545144,2.844817716,3.793090289
449,0.245222762,0.490445523,0.735668285,0.980891047
450,-0.683283725,-1.36656745,-2.049851175,-2.7331349
451,-0.983582306,-1.967164612,-2.950746918,-3.934329224
452,-0.379579851,-0.759159702,-1.138739553,-1.518319404
453,0.573406569,1.146813137,1.720219706,2.293626275
454,0.999205633,1.998411267,2.9976169,3.996822533
455,0.506339647,1.012679294,1.519018941,2.025358587
456,-0.452052676,-0.904105352,-1.356158028,-1.808210704
457,-0.994829853,-1.989659706,-2.984489559,-3.979319413
458,-0.622965051,-1.245930103,-1.868895154,-2.491860205
459,0.321650946,0.643301891,0.964952837,1.286603783
460,0.970542547,1.941085093,2.91162764,3.882170187
461,0.727121806,1.454243612,2.181365418,2.908487224
462,-0.18481137,-0.369622739,-0.554434109,-0.739245479
463,-0.926829824,-1.853659649,-2.780489473,-3.707319298
464,-0.816725213,-1.633450426,-2.450175639,-3.266900852
465,0.044272793,0.088545586,0.132818379,0.177091172
466,0.864566597,1.729133194,2.593699791,3.458266388
467,0.889981859,1.779963718,2.669945577,3.559927436
468,0.097151904,0.194303808,0.291455713,0.388607617
469,-0.784999063,-1.569998127,-2.35499719,-3.139996253
470,-0.945425512,-1.890851025,-2.836276537,-3.781702049
471,-0.236632105,-0.47326421,-0.709896316,-0.946528421
472,0.689719768,1.379439536,2.069159304,2.758879072
473,0.981946467,1.963892935,2.945839402,3.92778587
474,0.371376113,0.742752226,1.114128339,1.485504452
475,-0.580635727,-1.161271454,-1.741907181,-2.322542908
476,-0.998813757,-1.997627515,-2.996441272,-3.995255029
477,-0.498687026,-0.997374051,-1.496061077,-1.994748102
478,0.459930258,0.919860515,1.379790773,1.839721031
479,0.995689783,1.991379566,2.987069349,3.982759132
480,0.616016714,1.232033428,1.848050141,2.464066855
481,-0.330019281,-0.660038563,-0.990057844,-1.320077125
482,-0.972637071,-1.945274142,-2.917911213,-3.890548284
483,-0.721016823,-1.442033647,-2.16305047,-2.884067293
484,0.193502967,0.387005933,0.5805089,0.774011867
485,0.930117022,1.860234043,2.790351065,3.720468086
486,0.811585776,1.623171552,2.434757329,3.246343105
487,-0.053113689,-0.106227378,-0.159341067,-0.212454756
488,-0.868980673,-1.737961347,-2.60694202,-3.475922694
489,-0.885910834,-1.771821668,-2.657732503,-3.543643337
490,-0.08833866,-0.176677319,-0.265015979,-0.353354639
491,0.790451671,1.580903342,2.371355014,3.161806685
492,0.942504381,1.885008762,2.827513143,3.770017524
493,0.228022909,0.456045819,0.684068728,0.912091638
494,-0.696101773,-1.392203547,-2.08830532,-2.784407094
495,-0.980233696,-1.960467392,-2.940701088,-3.920934784
496,-0.363143279,-0.726286558,-1.089429837,-1.452573116
497,0.587819394,1.175638788,1.763458182,2.351277576
498,0.998343627,1.996687254,2.995030881,3.993374508
499,0.490995334,0.981990667,1.472986001,1.963981334
500,-0.467771805,-0.935543611,-1.403315416,-1.871087221
501,-0.996471704,-1.992943407,-2.989415111,-3.985886814
502,-0.609020113,-1.218040226,-1.827060339,-2.436080452
503,0.338361761,0.676723522,1.015085282,1.353447043
504,0.974655392,1.949310784,2.923966177,3.898621569
505,0.714855351,1.429710702,2.144566053,2.859421403
506,-0.202179403,-0.404358807,-0.60653821,-0.808717613
507,-0.933331346,-1.866662693,-2.799994039,-3.733325386
508,-0.806382754,-1.612765508,-2.419148262,-3.225531016
509,0.061950424,0.123900847,0.185851271,0.247801695
510,0.873326668,1.746653335,2.619980003,3.49330667
511,0.881770401,1.763540802,2.645311202,3.527081603
512,0.079518494,0.159036988,0.238555482,0.318073976
513,-0.795842349,-1.591684699,-2.387527048,-3.183369398
514,-0.939509407,-1.879018814,-2.818528221,-3.758037628
515,-0.219395849,-0.438791697,-0.658187546,-0.877583394
516,0.702429241,1.404858482,2.107287724,2.809716965
517,0.978444126,1.956888252,2.935332378,3.913776504
518,0.354881994,0.709763987,1.064645981,1.419527975
519,-0.594957007,-1.189914014,-1.784871021,-2.379828028
520,-0.997795279,-1.995590559,-2.993385838,-3.991181117
521,-0.483265173,-0.966530347,-1.44979552,-1.933060693
522,0.475576704,0.951153409,1.426730113,1.902306817
523,0.997175553,1.994351106,2.99152666,3.988702213
524,0.601975797,1.203951595,1.805927392,2.407903189
525,-0.346677731,-0.693355461,-1.040033192,-1.386710922
526,-0.976597352,-1.953194703,-2.929792055,-3.906389407
527,-0.708637871,-1.417275743,-2.125913614,-2.834551486
528,0.21084,0.421679999,0.632519999,0.843359999
529,0.936472548,1.872945095,2.809417643,3.74589019
530,0.801116554,1.602233108,2.403349662,3.204466216
531,-0.070782305,-0.14156461,-0.212346915,-0.283129219
532,-0.877604239,-1.755208478,-2.632812717,-3.510416956
533,-0.877560883,-1.755121766,-2.632682649,-3.510243532
534,-0.070692098,-0.141384197,-0.212076295,-0.282768393
535,0.801170676,1.602341351,2.403512027,3.204682702
536,0.936440825,1.87288165,2.809322475,3.745763301
537,0.210751599,0.421503197,0.632254796,0.843006395
538,-0.708701676,-1.417403351,-2.126105027,-2.834806703
539,-0.976577898,-1.953155796,-2.929733693,-3.906311591
540,-0.346592904,-0.693185809,-1.039778713,-1.386371618
541,0.602048007,1.204096014,1.806144021,2.408192028
542,0.997168757,1.994337514,2.991506271,3.988675028
543,0.475497151,0.950994301,1.426491452,1.901988603
544,-0.483344343,-0.966688686,-1.45003303,-1.933377373
545,-0.997801277,-1.995602554,-2.993403831,-3.991205108
546,-0.594884318,-1.189768637,-1.784652955,-2.379537273
547,0.354966539,0.709933078,1.064899617,1.419866157
548,0.978462798,1.956925595,2.935388393,3.91385119
549,0.702364872,1.404729745,2.107094617,2.809459489
550,-0.219484077,-0.438968155,-0.658452232,-0.87793631
551,-0.939540379,-1.879080757,-2.818621136,-3.758161514
552,-0.795787589,-1.591575177,-2.387362766,-3.183150354
553,0.07960864,0.159217281,0.238825921,0.318434562
554,0.881813053,1.763626105,2.645439158,3.52725221
555,0.873282611,1.746565222,2.619847833,3.493130443
556,0.061860164,0.123720328,0.185580492,0.247440657
557,-0.806436232,-1.612872464,-2.419308697,-3.225744929
558,-0.933298876,-1.866597751,-2.799896627,-3.733195503
559,-0.202090837,-0.404181674,-0.606272511,-0.808363348
560,0.714918585,1.429837171,2.144755756,2.859674341
561,0.974635157,1.949270315,2.923905472,3.898540629
562,0.33827666,0.676553321,1.014829981,1.353106642
563,-0.609091838,-1.218183676,-1.827275514,-2.436367352
564,-0.99646411,-1.992928219,-2.989392329,-3.985856438
565,-0.467691874,-0.935383748,-1.403075623,-1.870767497
566,0.491074113,0.982148227,1.47322234,1.964296453
567,0.998348826,1.996697652,2.995046477,3.993395303
568,0.587746232,1.175492464,1.763238696,2.350984928
569,-0.363227537,-0.726455074,-1.089682611,-1.452910148
570,-0.980251584,-1.960503167,-2.940754751,-3.921006334
571,-0.696036845,-1.39207369,-2.088110534,-2.784147379
572,0.228110959,0.456221918,0.684332877,0.912443836
573,0.942534599,1.885069198,2.827603798,3.770138397
574,0.790396276,1.580792551,2.371188827,3.161585102
575,-0.088428739,-0.176857478,-0.265286216,-0.353714955
576,-0.885952778,-1.771905557,-2.657858335,-3.543811114
577,-0.868935919,-1.737871839,-2.606807758,-3.475743678
578,-0.053023383,-0.106046767,-0.15907015,-0.212093533
579,0.811638607,1.623277214,2.434915821,3.246554427
580,0.930083805,1.86016761,2.790251415,3.72033522
581,0.193414242,0.386828484,0.580242726,0.773656968
582,-0.721079483,-1.442158966,-2.163238449,-2.884317932
583,-0.972616057,-1.945232114,-2.917848171,-3.890464227
584,-0.329933913,-0.659867827,-0.98980174,-1.319735654
585,0.616087948,1.232175897,1.848263845,2.464351793
586,0.995681392,1.991362783,2.987044175,3.982725567
587,0.459849955,0.919699911,1.379549866,1.839399821
588,-0.498765409,-0.997530819,-1.496296228,-1.995061637
589,-0.998818157,-1.997636314,-2.99645447,-3.995272627
590,-0.580562097,-1.161124194,-1.741686292,-2.322248389
591,0.371460077,0.742920154,1.114380231,1.485840308
592,0.98196357,1.963927139,2.945890709,3.927854279
593,0.689654285,1.37930857,2.068962854,2.758617139
594,-0.236719969,-0.473439938,-0.710159907,-0.946879876
595,-0.945454975,-1.89090995,-2.836364925,-3.7818199
596,-0.784943037,-1.569886074,-2.354829111,-3.139772149
597,0.097241909,0.194483818,0.291725727,0.388967636
598,0.890023093,1.780046185,2.670069278,3.56009237
599,0.864521149,1.729042299,2.593563448,3.458084597
600,0.044182448,0.088364897,0.132547345,0.176729793
601,-0.816777392,-1.633554784,-2.450332176,-3.267109567
602,-0.926795865,-1.853591729,-2.780387594,-3.707183459
603,-0.184722494,-0.369444987,-0.554167481,-0.738889975
604,0.727183886,1.454367772,2.181551658,2.908735545
605,0.970520755,1.941041509,2.911562264,3.882083019
606,0.321565317,0.643130634,0.964695951,1.286261269
607,-0.62303579,-1.24607158,-1.86910737,-2.49214316
608,-0.994820665,-1.98964133,-2.984461995,-3.97928266
609,-0.451972009,-0.903944017,-1.355916026,-1.807888034
610,0.506417628,1.012835257,1.519252885,2.025670513
611,0.999209233,1.998418466,2.997627699,3.996836932
612,0.573332477,1.146664954,1.719997431,2.293329908
613,-0.379663514,-0.759327029,-1.138990543,-1.518654057
614,-0.983598622,-1.967197243,-2.950795865,-3.934394486
615,-0.683217692,-1.366435385,-2.049653077,-2.732870769
616,0.245310432,0.490620865,0.735931297,0.98124173
617,0.948301277,1.896602554,2.844903831,3.793205108
618,0.779428301,1.558856601,2.338284902,3.117713203
619,-0.106047461,-0.212094921,-0.318142382,-0.424189843
620,-0.894023676,-1.788047352,-2.682071027,-3.576094703
621,-0.860038646,-1.720077293,-2.580115939,-3.440154585
622,-0.035338052,-0.070676103,-0.106014155,-0.141352207
623,0.821852185,1.643704369,2.465556554,3.287408739
624,0.923435313,1.846870625,2.770305938,3.693741251
625,0.176016273,0.352032546,0.528048819,0.704065091
626,-0.733231316,-1.466462633,-2.199693949,-2.932925266
627,-0.968349415,-1.93669883,-2.905048245,-3.87339766
628,-0.313171527,-0.626343054,-0.939514581,-1.252686108
629,0.629934819,1.259869637,1.889804456,2.519739274
630,0.993881997,1.987763994,2.981645991,3.975527988
631,0.444058651,0.888117302,1.332175953,1.776234604
632,-0.514030171,-1.028060342,-1.542090513,-2.056120684
633,-0.999522024,-1.999044048,-2.998566073,-3.998088097
634,-0.566057938,-1.132115876,-1.698173814,-2.264231752
635,0.387837206,0.775674412,1.163511618,1.551348824
636,0.985156611,1.970313223,2.955469834,3.940626445
637,0.676727572,1.353455143,2.030182715,2.706910286
638,-0.253881677,-0.507763353,-0.76164503,-1.015526706
639,-0.951073282,-1.902146564,-2.853219846,-3.804293128
640,-0.773852498,-1.547704996,-2.321557494,-3.095409993
641,0.114844704,0.229689408,0.344534111,0.459378815
642,0.897954215,1.795908429,2.693862644,3.591816859
643,0.855488762,1.710977523,2.566466285,3.421955047
644,0.026490887,0.052981773,0.07947266,0.105963546
645,-0.826862588,-1.653725175,-2.480587763,-3.30745035
646,-0.920002412,-1.840004824,-2.760007236,-3.680009648
647,-0.167296262,-0.334592523,-0.501888785,-0.669185046
648,0.7392213,1.4784426,2.217663901,2.956885201
649,0.966102208,1.932204415,2.898306623,3.864408831
650,0.304753201,0.609506402,0.914259602,1.219012803
651,-0.636784493,-1.273568987,-1.91035348,-2.547137974
652,-0.992865461,-1.985730922,-2.978596383,-3.971461844
653,-0.436110503,-0.872221005,-1.308331508,-1.744442011
654,0.521602441,1.043204881,1.564807322,2.086409763
655,0.999756506,1.999513011,2.999269517,3.999026022
656,0.55873905,1.1174781,1.676217149,2.234956199
657,-0.395980512,-0.791961023,-1.187941535,-1.583922046
658,-0.986637417,-1.973274834,-2.95991225,-3.946549667
659,-0.670184431,-1.340368862,-2.010553293,-2.680737724
660,0.26243303,0.52486606,0.787299089,1.049732119
661,0.953770773,1.907541547,2.86131232,3.815083093
662,0.768216066,1.536432133,2.304648199,3.072864266
663,-0.123632949,-0.247265898,-0.370898847,-0.494531797
664,-0.901814401,-1.803628803,-2.705443204,-3.607257606
665,-0.850871852,-1.701743704,-2.552615556,-3.403487408
666,-0.017641646,-0.035283292,-0.052924937,-0.070566583
667,0.831808208,1.663616416,2.495424625,3.327232833
668,0.916497432,1.832994863,2.749492295,3.665989727
669,0.158563143,0.317126286,0.475689429,0.634252572
670,-0.745153368,-1.490306736,-2.235460104,-2.980613472
671,-0.963779309,-1.927558618,-2.891337927,-3.855117236
672,-0.296310998,-0.592621996,-0.888932994,-1.185243992
673,0.643584278,1.287168556,1.930752834,2.574337112
674,0.991771137,1.983542274,2.975313411,3.967084548
675,0.428128186,0.856256373,1.284384559,1.712512745
676,-0.529133844,-1.058267689,-1.587401533,-2.116535377
677,-0.999912659,-1.999825317,-2.999737976,-3.999650635
678,-0.551376386,-1.102752772,-1.654129158,-2.205505544
679,0.404092793,0.808185586,1.21227838,1.616371173
680,0.988040922,1.976081844,2.964122766,3.952163688
681,0.663588784,1.327177567,1.990766351,2.654355134
682,-0.270963822,-0.541927644,-0.812891466,-1.083855288
683,-0.956393539,-1.912787079,-2.869180618,-3.825574157
684,-0.762519447,-1.525038894,-2.287558341,-3.050077789
685,0.132411508,0.264823016,0.397234525,0.529646033
686,0.905603934,1.811207867,2.716811801,3.622415734
687,0.846188279,1.692376558,2.538564836,3.384753115
688,0.008791023,0.017582046,0.026373069,0.035164092
689,-0.836688659,-1.673377318,-2.510065977,-3.346754636
690,-0.912920646,-1.825841293,-2.738761939,-3.651682585
691,-0.149817602,-0.299635203,-0.449452805,-0.599270407
692,0.751027055,1.50205411,2.253081165,3.00410822
693,0.961380901,1.922761802,2.884142703,3.845523604
694,0.28784558,0.57569116,0.86353674,1.15138232
695,-0.65033364,-1.300667279,-1.951000919,-2.601334558
696,-0.99059911,-1.98119822,-2.971797331,-3.962396441
697,-0.420112327,-0.840224655,-1.260336982,-1.680449309
698,0.536623792,1.073247584,1.609871376,2.146495168
699,0.999990472,1.999980943,2.999971415,3.999961886
700,0.543970523,1.087941047,1.63191157,2.175882093
701,-0.412173415,-0.824346831,-1.236520246,-1.648693661
702,-0.989367017,-1.978734034,-2.968101051,-3.957468067
703,-0.656941146,-1.313882291,-1.970823437,-2.627764583
704,0.279473385,0.55894677,0.838420155,1.11789354
705,0.958941375,1.917882749,2.876824124,3.835765498
706,0.756763087,1.513526173,2.27028926,3.027052346
707,-0.141179693,-0.282359386,-0.42353908,-0.564718773
708,-0.909322514,-1.818645028,-2.727967542,-3.637290057
709,-0.841438409,-1.682876818,-2.524315227,-3.365753637
710,6.03E-05,0.000120577,0.000180866,0.000241155
711,0.841503557,1.683007115,2.524510672,3.36601423
712,0.909272336,1.818544672,2.727817009,3.637089345
713,0.141060322,0.282120645,0.423180967,0.56424129
714,-0.756841901,-1.513683803,-2.270525704,-3.027367605
715,-0.958907171,-1.917814343,-2.876721514,-3.835628685
716,-0.27935761,-0.558715221,-0.838072831,-1.117430441
717,0.657032049,1.314064099,1.971096148,2.628128197
718,0.989349473,1.978698946,2.968048418,3.957397891
719,0.412063554,0.824127107,1.236190661,1.648254215
720,-0.544071696,-1.088143393,-1.632215089,-2.176286786
721,-0.999989938,-1.999979876,-2.999969814,-3.999959752
722,-0.536522042,-1.073044084,-1.609566126,-2.146088169
723,0.420221745,0.84044349,1.260665235,1.680886979
724,0.990615598,1.981231195,2.971846793,3.96246239
725,0.650242038,1.300484077,1.950726115,2.600968153
726,-0.287961052,-0.575922104,-0.863883157,-1.151844209
727,-0.961414079,-1.922828159,-2.884242238,-3.845656317
728,-0.750947436,-1.501894872,-2.252842307,-3.003789743
729,0.149936817,0.299873634,0.449810451,0.599747268
730,0.912969852,1.825939704,2.738909555,3.651879407
731,0.836622615,1.67324523,2.509867845,3.346490461
732,-0.008911596,-0.017823191,-0.026734787,-0.035646382
733,-0.846252526,-1.692505053,-2.538757579,-3.385010106
734,-0.905552787,-1.811105574,-2.716658361,-3.622211149
735,-0.132291992,-0.264583983,-0.396875975,-0.529167966
736,0.762597451,1.525194902,2.287792353,3.050389804
737,0.956358314,1.912716628,2.869074942,3.825433256
738,0.270847754,0.541695507,0.812543261,1.083391014
739,-0.663678982,-1.327357965,-1.991036947,-2.65471593
740,-0.988022323,-1.976044645,-2.964066968,-3.952089291
741,-0.403982496,-0.807964992,-1.211947488,-1.615929984
742,0.551476974,1.102953949,1.654430923,2.205907898
743,0.999911058,1.999822116,2.999733174,3.999644231
744,0.529031526,1.058063052,1.587094578,2.116126104
745,-0.428237151,-0.856474302,-1.284711453,-1.712948605
746,-0.991786566,-1.983573133,-2.975359699,-3.967146266
747,-0.643491986,-1.286983973,-1.930475959,-2.573967945
748,0.296426158,0.592852317,0.889278475,1.185704633
749,0.96381146,1.92762292,2.89143438,3.85524584
750,0.74507295,1.490145901,2.235218851,2.980291801
751,-0.158682194,-0.317364388,-0.476046582,-0.634728776
752,-0.916545661,-1.833091322,-2.749636983,-3.666182643
753,-0.831741274,-1.663482548,-2.495223822,-3.326965096
754,0.017762204,0.035524409,0.053286613,0.071048817
755,0.850935194,1.701870388,2.552805582,3.403740776
756,0.901762291,1.803524581,2.705286872,3.607049162
757,0.123513296,0.247026592,0.370539888,0.494053184
758,-0.768293253,-1.536586507,-2.30487976,-3.073173014
759,-0.953734529,-1.907469057,-2.861203586,-3.814938115
760,-0.262316677,-0.524633353,-0.78695003,-1.049266707
761,0.670273918,1.340547836,2.010821754,2.681095673
762,0.986617764,1.973235527,2.959853291,3.946471055
763,0.395869787,0.791739575,1.187609362,1.58347915
764,-0.558839046,-1.117678092,-1.676517138,-2.235356183
765,-0.999753838,-1.999507675,-2.999261513,-3.99901535
766,-0.521499562,-1.042999123,-1.564498685,-2.085998246
767,0.436219006,0.872438013,1.308657019,1.744876025
768,0.992879831,1.985759663,2.978639494,3.971519326
769,0.636691519,1.273383037,1.910074556,2.546766074
770,-0.30486804,-0.609736081,-0.914604121,-1.219472161
771,-0.966133329,-1.932266658,-2.898399987,-3.864533315
772,-0.73914009,-1.478280181,-2.217420271,-2.956560362
773,0.167415138,0.334830277,0.502245415,0.669660554
774,0.920049661,1.840099322,2.760148983,3.680198644
775,0.826794768,1.653589537,2.480384305,3.307179073
776,-0.026611421,-0.053222843,-0.079834264,-0.106445686
777,-0.855551193,-1.711102386,-2.566653579,-3.422204772
778,-0.897901143,-1.795802287,-2.69370343,-3.591604574
779,-0.114724923,-0.229449847,-0.34417477,-0.458899693
780,0.773928862,1.547857724,2.321786586,3.095715449
781,0.951036021,1.902072042,2.853108063,3.804144084
782,0.253765048,0.507530096,0.761295144,1.015060192
783,-0.67681634,-1.35363268,-2.030449019,-2.707265359
784,-0.985135906,-1.970271812,-2.955407718,-3.940543624
785,-0.387726064,-0.775452127,-1.163178191,-1.550904254
786,0.566157334,1.132314667,1.698472001,2.264629335
787,0.999518289,1.999036579,2.998554868,3.998073157
788,0.513926739,1.027853478,1.541780218,2.055706957
789,-0.444166685,-0.88833337,-1.332500054,-1.776666739
790,-0.993895307,-1.987790614,-2.981685922,-3.975581229
791,-0.629841168,-1.259682335,-1.889523503,-2.519364671
792,0.313286037,0.626572073,0.93985811,1.253144147
793,0.968379504,1.936759008,2.905138511,3.873518015
794,0.733149321,1.466298642,2.199447963,2.932597284
795,-0.176134966,-0.352269933,-0.528404899,-0.704539866
796,-0.923481578,-1.846963156,-2.770444734,-3.693926312
797,-0.821783486,-1.643566971,-2.465350457,-3.287133943
798,0.035458554,0.070917107,0.106375661,0.141834214
799,0.860100162,1.720200324,2.580300486,3.440400649
800,0.893969648,1.787939296,2.681908945,3.575878593
801,0.105927562,0.211855125,0.317782687,0.42371025
802,-0.779503836,-1.559007671,-2.338511507,-3.118015343
803,-0.948263002,-1.896526004,-2.844789007,-3.793052009
804,-0.245193538,-0.490387075,-0.735580613,-0.98077415
805,0.683305735,1.366611469,2.049917204,2.733222939
806,0.983576866,1.967153731,2.950730597,3.934307463
807,0.379551962,0.759103925,1.138655887,1.51820785
808,-0.573431265,-1.14686253,-1.720293794,-2.293725059
809,-0.999204432,-1.998408863,-2.997613295,-3.996817726
810,-0.506313652,-1.012627304,-1.518940956,-2.025254608
811,0.452079564,0.904159128,1.356238693,1.808318257
812,0.994832914,1.989665828,2.984498742,3.979331656
813,0.622941471,1.245882941,1.868824412,2.491765882
814,-0.321679488,-0.643358976,-0.965038464,-1.286717952
815,-0.970549809,-1.941099618,-2.911649427,-3.882199236
816,-0.727101111,-1.454202223,-2.181303334,-2.908404445
817,0.184840995,0.369681989,0.554522984,0.739363979
818,0.926841143,1.853682285,2.780523428,3.707364571
819,0.816707818,1.633415637,2.450123455,3.266831274
820,-0.044302908,-0.088605815,-0.132908723,-0.177211631
821,-0.864581745,-1.72916349,-2.593745234,-3.458326979
822,-0.889968113,-1.779936226,-2.669904339,-3.559872452
823,-0.097121902,-0.194243805,-0.291365707,-0.38848761
824,0.785017737,1.570035475,2.355053212,3.140070949
825,0.94541569,1.890831379,2.836247069,3.781662759
826,0.236602817,0.473205634,0.709808451,0.946411268
827,-0.689741595,-1.379483189,-2.069224784,-2.758966378
828,-0.981940765,-1.96388153,-2.945822295,-3.92776306
829,-0.371348124,-0.742696249,-1.114044373,-1.485392498
830,0.580660269,1.161320538,1.741980807,2.322641076
831,0.998812289,1.997624578,2.996436867,3.995249156
832,0.498660897,0.997321793,1.49598269,1.994643587
833,-0.459957024,-0.919914049,-1.379871073,-1.839828097
834,-0.995692578,-1.991385157,-2.987077735,-3.982770314
835,-0.615992968,-1.231985936,-1.847978903,-2.463971871
836,0.330047737,0.660095473,0.99014321,1.320190947
837,0.972644074,1.945288148,2.917932222,3.890576296
838,0.720995935,1.441991871,2.162987806,2.883983742
839,-0.193532541,-0.387065083,-0.580597624,-0.774130165
840,-0.930128092,-1.860256184,-2.790384276,-3.720512368
841,-0.811568164,-1.623136329,-2.434704493,-3.246272658
842,0.053143791,0.106287582,0.159431372,0.212575163
843,0.86899559,1.73799118,2.60698677,3.475982359
844,0.885896851,1.771793702,2.657690554,3.543587405
845,0.088308633,0.176617266,0.264925899,0.353234532
846,-0.790470135,-1.58094027,-2.371410405,-3.16188054
847,-0.942494306,-1.884988613,-2.827482919,-3.769977226
848,-0.227993559,-0.455987118,-0.683980677,-0.911974236
849,0.696123415,1.39224683,2.088370245,2.78449366
850,0.980227732,1.960455463,2.940683195,3.920910927
851,0.363115192,0.726230385,1.089345577,1.45246077
852,-0.58784378,-1.175687561,-1.763531341,-2.351375121
853,-0.998341892,-1.996683785,-2.995025677,-3.993367569
854,-0.490969073,-0.981938145,-1.472907218,-1.963876291
855,0.467798448,0.935596896,1.403395345,1.871193793
856,0.996474233,1.992948466,2.989422699,3.985896932
857,0.608996204,1.217992407,1.826988611,2.435984814
858,-0.338390127,-0.676780254,-1.015170381,-1.353560508
859,-0.974662135,-1.949324271,-2.923986406,-3.898648542
860,-0.714834271,-1.429668543,-2.144502814,-2.859337086
861,0.202208925,0.40441785,0.606626775,0.8088357
862,0.933342168,1.866684337,2.800026505,3.733368673
863,0.806364926,1.612729853,2.419094779,3.225459706
864,-0.06198051,-0.12396102,-0.18594153,-0.247922041
865,-0.873341352,-1.746682703,-2.620024055,-3.493365406
866,-0.881756182,-1.763512364,-2.645268546,-3.527024728
867,-0.079488445,-0.15897689,-0.238465335,-0.31795378
868,0.795860602,1.591721203,2.387581805,3.183442406
869,0.939499081,1.878998163,2.818497244,3.757996326
870,0.219366439,0.438732877,0.658099316,0.877465754
871,-0.702450696,-1.404901393,-2.107352089,-2.809802785
872,-0.9784379,-1.956875801,-2.935313701,-3.913751602
873,-0.354853811,-0.709707623,-1.064561434,-1.419415245
874,0.594981236,1.189962471,1.784943707,2.379924942
875,0.997793278,1.995586557,2.993379835,3.991173113
876,0.483238783,0.966477565,1.449716348,1.93295513
877,-0.475603221,-0.951206443,-1.426809664,-1.902412885
878,-0.997177817,-1.994355634,-2.99153345,-3.988711267
879,-0.601951726,-1.203903453,-1.805855179,-2.407806905
880,0.346706005,0.693412011,1.040118016,1.386824021
881,0.976603835,1.953207669,2.929811504,3.906415338
882,0.708616602,1.417233204,2.125849806,2.834466409
883,-0.210869466,-0.421738933,-0.632608399,-0.843477865
884,-0.93648312,-1.87296624,-2.80944936,-3.74593248
885,-0.801098512,-1.602197024,-2.403295536,-3.204394048
886,0.070812374,0.141624747,0.212437121,0.283249494
887,0.877618689,1.755237379,2.632856068,3.510474757
888,0.877546429,1.755092859,2.632639288,3.510185718
889,0.070662029,0.141324059,0.211986088,0.282648117
890,-0.801188715,-1.602377429,-2.403566144,-3.204754859
891,-0.936430249,-1.872860499,-2.809290748,-3.745720997
892,-0.210722131,-0.421444263,-0.632166394,-0.842888525
893,0.708722942,1.417445885,2.126168827,2.83489177
894,0.976571411,1.953142823,2.929714234,3.906285645
895,0.346564628,0.693129257,1.039693885,1.386258513
896,-0.602072076,-1.204144151,-1.806216227,-2.408288303
897,-0.99716649,-1.99433298,-2.99149947,-3.98866596
898,-0.475470632,-0.950941264,-1.426411896,-1.901882528
899,0.483370732,0.966741464,1.450112197,1.933482929
900,0.997803274,1.995606549,2.993409823,3.991213098
901,0.594860088,1.189720175,1.784580263,2.379440351
902,-0.35499472,-0.709989441,-1.064984161,-1.419978881
903,-0.97846902,-1.956938039,-2.935407059,-3.913876078
904,-0.702343415,-1.404686829,-2.107030244,-2.809373659
905,0.219513487,0.439026973,0.65854046,0.878053947
906,0.939550701,1.879101401,2.818652102,3.758202803
907,0.795769334,1.591538667,2.387308001,3.183077334
908,-0.079638689,-0.159277378,-0.238916067,-0.318554756
909,-0.881827268,-1.763654536,-2.645481805,-3.527309073
910,-0.873267924,-1.746535847,-2.619803771,-3.493071695
911,-0.061830077,-0.123660155,-0.185490232,-0.24732031
912,0.806454057,1.612908114,2.419362171,3.225816227
913,0.93328805,1.866576101,2.799864151,3.733152202
914,0.202061315,0.404122629,0.606183944,0.808245258
915,-0.714939662,-1.429879324,-2.144818986,-2.859758648
916,-0.974628411,-1.949256821,-2.923885232,-3.898513642
917,-0.338248293,-0.676496586,-1.014744879,-1.352993172
918,0.609115745,1.21823149,1.827347235,2.436462981
919,0.996461576,1.992923153,2.989384729,3.985846305
920,0.46766523,0.935330459,1.402995689,1.870660919
921,-0.491100372,-0.982200745,-1.473301117,-1.96440149
922,-0.998350557,-1.996701114,-2.995051671,-3.993402228
923,-0.587721844,-1.175443687,-1.763165531,-2.350887374
924,0.363255622,0.726511245,1.089766867,1.45302249
925,0.980257544,1.960515089,2.940772633,3.921030177
926,0.696015201,1.392030401,2.088045602,2.784060803
927,-0.228140309,-0.456280617,-0.684420926,-0.912561234
928,-0.94254467,-1.885089341,-2.827634011,-3.770178681
929,-0.790377809,-1.580755618,-2.371133427,-3.161511236
930,0.088458765,0.17691753,0.265376295,0.35383506
931,0.885966758,1.771933517,2.657900275,3.543867033
932,0.868921,1.737842,2.606763,3.475683999
933,0.052993281,0.105986563,0.158979844,0.211973125
934,-0.811656216,-1.623312431,-2.434968647,-3.246624862
935,-0.930072731,-1.860145462,-2.790218193,-3.720290924
936,-0.193384667,-0.386769334,-0.580154001,-0.773538667
937,0.721100368,1.442200736,2.163301105,2.884401473
938,0.97260905,1.945218101,2.917827151,3.890436201
939,0.329905457,0.659810914,0.989716371,1.319621828
940,-0.616111692,-1.232223384,-1.848335076,-2.464446768
941,-0.995678593,-1.991357186,-2.987035778,-3.982714371
942,-0.459823187,-0.919646374,-1.379469561,-1.839292748
943,0.498791536,0.997583073,1.496374609,1.995166145
944,0.998819621,1.997639243,2.996458864,3.995278486
945,0.580537553,1.161075106,1.741612659,2.322150212
946,-0.371488064,-0.742976129,-1.114464193,-1.485952258
947,-0.981969269,-1.963938537,-2.945907806,-3.927877074
948,-0.689632456,-1.379264912,-2.068897367,-2.758529823
949,0.236749256,0.473498513,0.710247769,0.946997026
950,0.945464794,1.890929588,2.836394382,3.781859177
951,0.78492436,1.569848721,2.354773081,3.139697441
952,-0.097271911,-0.194543821,-0.291815732,-0.389087642
953,-0.890036835,-1.780073671,-2.670110506,-3.560147342
954,-0.864505998,-1.729011997,-2.593517995,-3.458023994
955,-0.044152333,-0.088304667,-0.132457,-0.176609334
956,0.816794783,1.633589567,2.45038435,3.267179133
957,0.926784543,1.853569086,2.780353629,3.707138173
958,0.184692868,0.369385736,0.554078604,0.738771472
959,-0.727204578,-1.454409156,-2.181613735,-2.908818313
960,-0.970513489,-1.941026978,-2.911540467,-3.882053956
961,-0.321536774,-0.643073547,-0.964610321,-1.286147095
962,0.623059368,1.246118737,1.869178105,2.492237474
963,0.994817601,1.989635201,2.984452802,3.979270402
964,0.451945119,0.903890237,1.355835356,1.807780474
965,-0.506443621,-1.012887242,-1.519330864,-2.025774485
966,-0.999210431,-1.998420862,-2.997631294,-3.996841725
967,-0.573307779,-1.146615558,-1.719923337,-2.293231116
968,0.379691401,0.759382803,1.139074204,1.518765606
969,0.983604058,1.967208117,2.950812175,3.934416233
970,0.68319568,1.36639136,2.04958704,2.73278272
971,-0.245339656,-0.490679311,-0.736018967,-0.981358623
972,-0.948310843,-1.896621687,-2.84493253,-3.793243374
973,-0.779409415,-1.55881883,-2.338228245,-3.117637661
974,0.106077435,0.21215487,0.318232305,0.42430974
975,0.894037181,1.788074361,2.682111542,3.576148722
976,0.860023265,1.720046531,2.580069796,3.440093062
977,0.035307926,0.070615852,0.105923779,0.141231705
978,-0.821869358,-1.643738715,-2.465608073,-3.28747743
979,-0.923423744,-1.846847488,-2.770271233,-3.693694977
980,-0.175986599,-0.351973198,-0.527959797,-0.703946396
981,0.733251814,1.466503627,2.199755441,2.933007255
982,0.96834189,1.936683781,2.905025671,3.873367562
983,0.313142899,0.626285798,0.939428697,1.252571596
984,-0.62995823,-1.25991646,-1.889874689,-2.519832919
985,-0.993878667,-1.987757334,-2.981636002,-3.975514669
986,-0.444031641,-0.888063283,-1.332094924,-1.776126566
987,0.514056028,1.028112055,1.542168083,2.056224111
988,0.999522956,1.999045911,2.998568867,3.998091823
989,0.566033088,1.132066176,1.698099263,2.264132351
990,-0.387864991,-0.775729981,-1.163594972,-1.551459962
991,-0.985161785,-1.970323571,-2.955485356,-3.940647141
992,-0.676705378,-1.353410756,-2.030116134,-2.706821512
993,0.253910833,0.507821666,0.761732499,1.015643333
994,0.951082595,1.90216519,2.853247786,3.804330381
995,0.773833405,1.547666811,2.321500216,3.095333622
996,-0.114874649,-0.229749297,-0.344623946,-0.459498595
997,-0.89796748,-1.795934961,-2.693902441,-3.591869922
998,-0.855473152,-1.710946304,-2.566419456,-3.421892608
999,-0.026460753,-0.052921505,-0.079382258,-0.105843011
