Date,Series1,Series2,Series3,Series4,Series5,Series6,Series7
0,0.053453146565407894,0.9321010460710055,0.8649917625347987,0.7147257645010677,0.4006278385360924,0.367562208394853,0.04546204120575725
1,0.2717273531564617,0.1987095085087297,0.1747026333676931,0.3748788905886139,0.9109966287183686,0.6554132715367202,0.740762751155063
2,0.5989757290498183,0.005638081423029129,0.44795522689929257,0.24339549043027686,0.6729988606941505,0.5142035036043915,0.5968693247744599
3,0.1514632233199329,0.5206137283500035,0.6861830761979424,0.475640466837002,0.46089321888746604,0.7735557871717065,0.3308941683613592
4,0.9576600329686762,0.6673353956701418,0.1364767692847506,0.8824243282162203,0.46840029788539284,0.36563551270392325,0.3896490877701051
5,0.7202530956877964,0.817936268015338,0.11236411849344774,0.8740467165635013,0.5136291138278642,0.6208189005828938,0.1792213943570593
6,0.3926366433166161,0.05723168073300089,0.774094848769112,0.2515749520472722,0.9594563414390451,0.4239067250059767,0.379474925722193
7,0.868222809693671,0.7074588684879823,0.3959944999124392,0.07871722435474315,0.555165729754485,0.419745101690695,0.9851321160487517
8,0.9593091350519579,0.8831383445634372,0.02014525198843231,0.6739635020036895,0.7927504383050037,0.8909626457874859,0.4910880546184949
9,0.7484080289797072,0.5575271410345168,0.9845736179333631,0.6954991539142152,0.5155313294245479,0.7148243290407633,0.2503827265479349
10,0.3542843581168029,0.7079446470746075,0.40566999098475154,0.3668094802853562,0.15403886990752924,0.25294049856803336,0.6860941844046075
11,0.703724223025952,0.5919874761821564,0.6353533779595828,0.7364496381173524,0.7578108812215851,0.13498148903304574,0.7566844981543385
12,0.039328008210959275,0.3729733019683261,0.7203302690108006,0.6471700099849698,0.392022097062828,0.5102263852125024,0.28189139071957947
13,0.18612911994964043,0.777342111989852,0.7665726216966978,0.8203643045575042,0.6788296036168471,0.10105571415374903,0.5663046148797759
14,0.6165870708022743,0.4531711218063236,0.7973636565687504,0.7154615255797534,0.6706985253002898,0.6431187737644436,0.7692313405027442
15,0.6756422273799473,0.7386103092609679,0.6068956381584685,0.7679172328301662,0.07567383240699088,0.35504851904159795,0.35639745277285584
16,0.6399154595654528,0.2300853864117578,0.7208895256023776,0.3808851485241427,0.9067575918289056,0.49390594286230194,0.7838229739776401
17,0.19897803093305144,0.8080446779173437,0.9530591495498048,0.7754827825348893,0.9181739049361677,0.5188679428690864,0.023449370223511234
18,0.418870193231636,0.3916018214966944,0.3696426505217969,0.823455978153802,0.6074674182202643,0.951840996394584,0.6090358448419655
19,0.1461063324116133,0.18364524739655852,0.7083338564254492,0.20637550015676742,0.2967061085690169,0.9675753932371556,0.7997726563621331
20,0.8448186062997463,0.5360462162680765,0.6033329286726542,0.7329684412123987,0.845119763741055,0.6732658033580295,0.027366721893269275
21,0.21029676812693765,0.6327956332865856,0.5329511648391922,0.5113826444009191,0.2493028623275403,0.5920662080079313,0.4043727259178933
22,0.046360541724104976,0.6495265358187589,0.612783887937022,0.04802631836224136,0.9123447643104609,0.14451886832001903,0.7631413164286592
23,0.6022336907866568,0.29680106131456174,0.953239315475183,0.6562159934976478,0.13449985160238864,0.7056790707581166,0.6109265611467515
24,0.013027254742454475,0.5807503792999458,0.5869995913718448,0.8399049787332203,0.5838603056120949,0.05778887501197949,0.6095085695870949
25,0.39130205203319834,0.4898915228213804,0.5043663173247348,0.9944365886713344,0.1597510720622375,0.7224770101726213,0.637938115683375
26,0.0849415354476547,0.5776004405437979,0.5737145965666206,0.06649442182293719,0.6340068073507988,0.8088828725770928,0.0722197411408152
27,0.13029677204853984,0.2697976229191005,0.012366741170989015,0.5586506767624188,0.7778087080381336,0.8736220974932992,0.40373860681310814
28,0.9946986469616558,0.4713368075309311,0.2908528197072885,0.8581552086004768,0.7167759356514483,0.6308112983133464,0.10749346709114238
29,0.5826216019294022,0.931674070739573,0.9704726551192846,0.8111996880983994,0.007172686261545658,0.4567586414186129,0.17610297414921405
30,0.711654217823922,0.3247952304501307,0.8772455831812684,0.3949720949125728,0.43448162501984133,0.05917124805559104,0.7278761158585954
31,0.5159926631873938,0.10466742162074683,0.056641877165052534,0.6725783615879297,0.2325862715788206,0.3933477718549513,0.5703114491767517
32,0.23780397253114804,0.42151097902015855,0.9794100497865247,0.355617211110416,0.6237204527813047,0.4778892460934113,0.9080388126377534
33,0.02491614826779398,0.1562477333790402,0.0224443922952402,0.40067180104123046,0.754675435173927,0.39937157479129715,0.24232758864985138
34,0.630666065452387,0.7093160692004363,0.6023553016442293,0.6633857656518766,0.9027070168553943,0.4481574118687064,0.24217690040122408
35,0.9050494252071367,0.8507846555144651,0.1478906582366395,0.07343454778390945,0.6958032201261981,0.2475015810696226,0.18520540423471765
36,0.9446530016940063,0.598822894918136,0.11439180566529272,0.5156704657416135,0.7341364000114469,0.11358305352815501,0.38001290320820713
37,0.3616022742076007,0.6856878699748542,0.9840869759125306,0.8747166189172177,0.412223990278786,0.0866513273806635,0.5111298327331407
38,0.04504698808198515,0.1852005397288503,0.19000079774841794,0.8357944213258219,0.36939054154401185,0.2517451669751013,0.11418531520545006
39,0.9047445714833893,0.35039532820130415,0.18898616870584806,0.14723774620522478,0.13585583648080957,0.7251726220365202,0.46949227543345196
40,0.9533979788258751,0.8872545733559701,0.46265264365277814,0.6779004758383909,0.7533569499307469,0.7425295974792427,0.9257965441739264
41,0.3497301988833633,0.4385608411492171,0.7409046605076792,0.7156760972506034,0.17703440633953316,0.7580203271537157,0.1267559571769944
42,0.38455774646142715,0.8479998396856208,0.29383966194684963,0.8384371930510673,0.9125216758707587,0.41009973596725824,0.032084576174410184
43,0.372030456116921,0.24498407686400814,0.6999176631633102,0.7364697294747912,0.26075604872094416,0.9496542810389872,0.8761654365482682
44,0.9148625823322274,0.5574974471005831,0.566090310937122,0.6722395928802205,0.3624473418211429,0.09932849252344078,0.20773530630392867
45,0.37783231325403643,0.5412769115963412,0.04704128554592246,0.7232818736400126,0.1615086027586271,0.8267322117476171,0.20762821199663906
46,0.0054883419553302115,0.503874787433915,0.21431350479723088,0.46421663462461216,0.40968329395291403,0.24064518779619115,0.8868427623256435
47,0.8629370512404476,0.6948363232103951,0.2912036263426073,0.6640932827731019,0.8029552002006686,0.6537023549214097,0.7002518206428412
48,0.2791783874962982,0.7116984577581326,0.6430630540793831,0.6115395939530871,0.15061404851148985,0.8149131922122158,0.36260343353780145
49,0.7952235344368794,0.5065360429230217,0.024719866308122396,0.4747310908646335,0.7128717408451224,0.4177651503022375,0.783960208901499
50,0.46874177370989567,0.5929404685929994,0.14598310655417202,0.35222082581453806,0.3826912236614184,0.4651852974979108,0.9917970217112353
51,0.7635942302119529,0.22651032793281967,0.16015972972259718,0.27419255524557573,0.2900181002615043,0.28189312259189203,0.4944677584641741
52,0.6105063872531017,0.4730338032609276,0.9725493143268403,0.4144124585987935,0.4852684179028859,0.4434253029966425,0.6342418610511715
53,0.9386524812456403,0.688499241015115,0.2372413984464775,0.3449524051803051,0.12283063827648677,0.6345093358463643,0.8939518386999379
54,0.6457989839104387,0.6151491236522069,0.4088305130359461,0.9285004429573199,0.08574040092494128,0.04950824763722794,0.7856919009391871
55,0.33766533185074754,0.9282745225956348,0.4374895114773456,0.8176502974578588,0.566410957381483,0.40628214089641335,0.7267321244328144
56,0.6727512322159274,0.6604442221337289,0.792207782054414,0.32425674643797386,0.16516706702816641,0.3850434539988826,0.49039205044719836
57,0.9035292782132611,0.7092237615826549,0.7814494442587091,0.5634504142076041,0.9032763932352453,0.25129501267837784,0.5628354273001318
58,0.8691840110308431,0.6267588218295902,0.7852695397214581,0.4125526001590599,0.9525129917574277,0.34074831322074983,0.7686387575426471
59,0.46449477939643613,0.5531158337235238,0.061363479468959814,0.2640414051830645,0.684765989188931,0.2617577004626056,0.7815251496703748
60,0.2982596036938202,0.2709030641621024,0.10142728879321061,0.4463874410894121,0.7735367329313662,0.7612763869909889,0.5541279776900802
61,0.4388828398848378,0.01685269693726199,0.2870784551500646,0.5343174564206811,0.07139250131523456,0.7581118802049756,0.33682972768818675
62,0.5173350973404975,0.6924483950918323,0.7302711992539055,0.14248301605414004,0.06210049759744307,0.053530736520514655,0.8660999920016903
63,0.051921066197021415,0.9419203823778696,0.46542395869534736,0.34039875857557156,0.6931796995091325,0.3979881430853076,0.08311070693579414
64,0.0008313638194883399,0.9749175015478845,0.2681028425963121,0.7011451413328498,0.4645555108275601,0.5709359479043272,0.31767672362638244
65,0.05545928447652182,0.6066629615589267,0.9816411899583412,0.999802807639487,0.7853122075999335,0.8962001491900319,0.4092150128351485
66,0.17187216076477363,0.12607810240626005,0.2087470997935449,0.8156687378426788,0.9753511670114143,0.14654498346286693,0.8519672328783875
67,0.27158741162196987,0.7254942930666645,0.5404112602797354,0.364679631943187,0.600522562569152,0.6833381953514165,0.20023945797216391
68,0.8191813314142934,0.7345643967024166,0.13507748951453158,0.04330830007136144,0.115752336643693,0.18841468179170107,0.20134533885802564
69,0.7781281965911749,0.18851935889418492,0.5456930336270727,0.3259533851519216,0.5380634985141818,0.6665190053463222,0.7997933091204636
70,0.6923206756478014,0.3041247039746863,0.6668200068339971,0.39317466342567975,0.3781558957694777,0.47846472173553856,0.5342430744379442
71,0.08275324690488872,0.32627771061489597,0.8585517859931704,0.4625779765404633,0.26663033857300655,0.1633786996744213,0.49571011635853446
72,0.71407533924645,0.2112653673992465,0.9691674198830649,0.19274180715966627,0.9402409413586005,0.5275571894181086,0.026708208155864166
73,0.3497972385752699,0.14455977005966025,0.03155806479329348,0.23157738363015845,0.6962663919728617,0.1550562139969942,0.985779031335681
74,0.08934402948168163,0.011018033123621818,0.6280064247425692,0.7874182418387967,0.21685383700126726,0.3792708497634101,0.1448399055234415
75,0.24633224522954444,0.37449636076945847,0.43466538082064654,0.7239538067549265,0.8920073901282799,0.5308370167157728,0.21925026993622665
76,0.2589256781510605,0.3939684365507331,0.9982907360301814,0.5340145862591659,0.7593935705232568,0.4201734251096677,0.9045286372894703
77,0.36763658144327693,0.2193473036850616,0.014848752921377772,0.3822377151502321,0.3523050188330048,0.8151236099432058,0.9783869783451674
78,0.7062642357089846,0.0650915457039345,0.771733036444656,0.5596004851931798,0.15364986633643796,0.9912498039782511,0.27777676740980195
79,0.761703759116855,0.6585727504724974,0.10724957565299098,0.03438754374792419,0.7371024651448288,0.8739189528559848,0.5891123770435445
80,0.16835172887064098,0.6172931882585697,0.5663458243518589,0.8382946964418261,0.5815127674830389,0.24899237439520983,0.23105172136568086
81,0.3861718294651759,0.5767006573473135,0.7246974183417455,0.31867028465141123,0.9120799395253817,0.7082751442625425,0.19407577999942405
82,0.7314826706052098,0.9988800448382434,0.5545715250581675,0.16119492202665664,0.6158604344440177,0.9654194534698192,0.19787875142122768
83,0.6136015296575967,0.7889201093177968,0.6327757003193926,0.6816667023970672,0.7705435242257946,0.27020297714091,0.38510224941329796
84,0.034197674053904614,0.9868721419230767,0.15734762629203136,0.31367913260002656,0.8287053341187937,0.6594782496279047,0.10884368431938851
85,0.5373532266201811,0.399137924496169,0.35005125608484633,0.09005719360748954,0.34381045169089786,0.6330482139063512,0.06481374467554946
86,0.7022804612197883,0.8384512475698112,0.6878577523124787,0.6353735583173169,0.010186754896618577,0.8463483371902183,0.07442117117045699
87,0.13345704516164392,0.11727497796690567,0.38051169544396846,0.3181539839311205,0.7911392807638318,0.029338348775508227,0.04878917936203353
88,0.2835151972314647,0.4067165012140387,0.09901142495553994,0.662967066925075,0.09529698947282228,0.9468892773431485,0.7606198290460557
89,0.3916491110610839,0.4581822483418554,0.32888615570113067,0.7221482171765591,0.07514228510817844,0.3625444304208144,0.576072443015993
90,0.9572056594056745,0.9469107375152432,0.9453156006531789,0.43109855386314544,0.6613527725977862,0.9926243615422935,0.05259132583857462
91,0.8230755691299345,0.18832468524201484,0.8823555428018466,0.7937248745368172,0.7910356934561102,0.022835575123336893,0.5943668767016091
92,0.6985424317379724,0.43234346457393136,0.7156107491998187,0.24639652471231543,0.38043774009940734,0.5275114645972544,0.2707811973705804
93,0.9516528848606128,0.4243764334141408,0.476167518736372,0.10417219865096428,0.4333755804678425,0.3051529464854573,0.47784612963027295
94,0.4449306135528439,0.7773932408761361,0.5443996518616505,0.04624828292096572,0.1544614266534965,0.4118207711724494,0.8915253084778837
95,0.8105063292404614,0.8182705113065125,0.558647917142099,0.20231207555427855,0.2475800489345945,0.0829110125800604,0.7514000985632027
96,0.7879497749929656,0.8513524923846142,0.8253027675719203,0.2352796935559226,0.7645552076730567,0.9631560401691339,0.08122404624954982
97,0.2774919575497089,0.5831520956810876,0.07655890938927046,0.1394697678860891,0.382074059403655,0.8486684177702732,0.5666584914765083
98,0.21959457580028197,0.38708907987783026,0.8013059734473944,0.8178463747012551,0.8923221398378156,0.7415050108144053,0.5031362876646542
99,0.29228999475243334,0.7223768978811592,0.32305013181009734,0.1789326867810208,0.7344002794486496,0.6853074662507845,0.900630259853597
100,0.7104273459873003,0.8275460212885163,0.4544658926985151,0.0978365808971432,0.2891961202548533,0.6371026352225881,0.5119010610485761
101,0.2061111208519868,0.03555334557075385,0.5074107348155571,0.5420527284713561,0.6041209286707552,0.880117649166766,0.44596603437449633
102,0.08080615400256563,0.7806491334240593,0.411902705557185,0.14959985369301743,0.2050287901677832,0.13196378263620767,0.6231851206435283
103,0.42200363184367895,0.6749057969109307,0.6773203443210064,0.9205854641661939,0.8832843578804784,0.9859023163132488,0.38528117019337427
104,0.36533797348678665,0.5919120738145879,0.4449176232418559,0.9396886149181124,0.22345200336580273,0.3121459243249576,0.15206488487789205
105,0.18281383674675133,0.4820123487979061,0.48306604344882675,0.479045754344431,0.17043385295641145,0.6339389851697115,0.8910102745702003
106,0.8635983692459858,0.7087749863985426,0.45652901292151726,0.6260707141280849,0.12387874046603042,0.8174237701784398,0.972553084061887
107,0.28749685815810966,0.4990895476998576,0.6176048787186126,0.9818595052923509,0.19017358635744308,0.5662310968167334,0.23862612414076279
108,0.27217170109033206,0.9242020708538423,0.7116571869295185,0.02173730780366645,0.9137778692262101,0.6521081571620082,0.714183661319725
109,0.9761347192816359,0.11986984880145646,0.6602009250680018,0.6692932714992123,0.8631076424680552,0.39805626475198574,0.8163680683031114
110,0.7072570458007208,0.46790875386277064,0.0697957639454978,0.0073196013776436475,0.8217375875822615,0.1294226486436486,0.2617883027437313
111,0.4076301085268095,0.18226459873693945,0.9562636308823018,0.9074211008769312,0.4257805988036709,0.5537468754293151,0.8521395972784767
112,0.13467020823537523,0.8233848246829193,0.6613166637282358,0.6355689258983083,0.9775409454642834,0.13931472914847065,0.2500737624448812
113,0.2135323447332219,0.7689244810231078,0.4959627188926907,0.3707611362508666,0.9603893342724817,0.3317358132830418,0.5903659417605515
114,0.7925180561945377,0.23081937538655017,0.5712729115348982,0.6436779337283722,0.6348250456283209,0.4834726071668938,0.8959131531981928
115,0.056372155268211266,0.8519771251279458,0.8453420647750142,0.5071770852802959,0.5567869030518167,0.19214354936855915,0.6532301333609349
116,0.853704400218256,0.2201886226730655,0.3746098771719789,0.3223958236662253,0.6869646589442361,0.5242070900172557,0.39513102895439023
117,0.9841232421869757,0.9617885049573054,0.6417061490963959,0.7425736890856467,0.711190085684905,0.03591068171743772,0.1199395612222649
118,0.038771586769728694,0.8190492066427314,0.21942038087858595,0.4320839912696631,0.812548517191168,0.1349295674450025,0.5396658320097032
119,0.2467621923689699,0.8357226906003539,0.6794845828542085,0.3986531975458254,0.026285420792031,0.6581244891605004,0.4076870090993311
120,0.3145872008941878,0.7571444216855869,0.3010631424727691,0.7148049449524829,0.4094027031432971,0.8252643189820932,0.09247672601486479
121,0.061462662380403876,0.12195757431011778,0.3239094761137853,0.8589255480093371,0.41021147137569525,0.6682784613649547,0.9414741301904271
122,0.8419039688315053,0.5650148880580133,0.07758363152736025,0.5358051225135091,0.19467721336897237,0.24609349794863677,0.5544220039151675
123,0.007208474654373465,0.46600269807456063,0.08647932547260084,0.05054397789576037,0.9565192431849154,0.16248583210405387,0.48476044340864743
124,0.7303808530433044,0.9077435859523552,0.501466320099297,0.29547079855174574,0.8229895662286415,0.3181091353314909,0.3568402906826105
125,0.63580582129225,0.8170214290540463,0.5379575519908875,0.7319743016957302,0.9283879990247971,0.9680615403607821,0.11120869605581518
126,0.033962997984470555,0.35065645732641537,0.9685782517907633,0.436527969526314,0.04903452448160317,0.24142267610998924,0.26928296125549656
127,0.03773299963388166,0.3105887637432019,0.69313662757629,0.15715795880286176,0.9851791589025416,0.5703948479317473,0.018365743087153552
128,0.06346795138196204,0.11870064444466555,0.19557411904331912,0.38522006966968403,0.8212361776574619,0.37564997303377146,0.7446181507647314
129,0.8171881403062033,0.5284497413568819,0.6097200665235936,0.4341013268372952,0.2172367072392869,0.6713796542811455,0.6067483063764108
130,0.045670127404843885,0.061557964183627134,0.8431951496986128,0.7083073294353066,0.2455075805359459,0.27088060069954467,0.7087000389120028
131,0.8310442420673061,0.18159264251336826,0.07762780690268833,0.23284578823748903,0.3714621070954274,0.16330125676676188,0.45445557755322485
132,0.34864319142780875,0.31396143353575323,0.9764393351553854,0.8657970659430478,0.9198173097570962,0.1917561220115015,0.8159284807568266
133,0.48412617447548767,0.17787437653679583,0.7116448169041542,0.8549260755037614,0.3021002075879574,0.8104170614241828,0.5843530246644931
134,0.26611538269206403,0.25427194448322776,0.20719985949629383,0.64226513656994,0.055688622138414856,0.4959990784370245,0.3975569596446811
135,0.6512016215537414,0.6078334176414167,0.858038719681902,0.20999185135654452,0.2070905267489782,0.8484154201459705,0.28731170142305307
136,0.8962471951435499,0.5953275611807594,0.7879034594860841,0.11399363819195918,0.8490878597977468,0.010948266606404577,0.5400415034815367
137,0.5866948144955156,0.8178516888746296,0.38663878513322736,0.0398154973190159,0.8915159022424872,0.6882460431643808,0.30123327691836765
138,0.5867175014750168,0.34883023799805857,0.41639926011792916,0.03486706721638522,0.24254099257165174,0.29473723143799946,0.7672012803354148
139,0.18658246549493518,0.7642312538476927,0.6275295192081336,0.5057347713561569,0.5324036838614603,0.7036015867839076,0.2730791416591717
140,0.7271235685997627,0.9657032928429484,0.20278849963685408,0.07889050003114806,0.2941073039260783,0.8510432894409535,0.40735399898229085
141,0.2467370962382377,0.22316097784838862,0.1763929191213769,0.8596470256583861,0.6296859741819024,0.36046309696696355,0.13382160321470116
142,0.7875190124562566,0.6849057759496133,0.9382964656391839,0.2196236101727056,0.1516741938562074,0.28659204053347276,0.14050338626277226
143,0.13308891838356984,0.6045573760818604,0.39009172621984134,0.23157268448024038,0.3541778901265167,0.5378971395812121,0.6802599143473531
144,0.15115282004027408,0.928663107346351,0.2580956332678427,0.11284650563551946,0.25437923437198695,0.3708576156308351,0.8933831361087411
145,0.11431761361009996,0.14824505182440018,0.2026549531883075,0.925503601387721,0.8010137972270274,0.31162499956809053,0.16219177543370422
146,0.16534259149837272,0.6105265835964634,0.36844583439510425,0.5787420666861423,0.15840917316272807,0.22201058745065583,0.6470912833309077
147,0.531148898473985,0.9002829944499126,0.3228128859939202,0.11464149147528324,0.8983227799697986,0.45542928920171133,0.8316108424131025
148,0.46519696362892793,0.7031699596519347,0.4424656276586679,0.6325319436827672,0.8715971338029829,0.5021140514861309,0.38182789651243987
149,0.7031294043207148,0.08235400562589468,0.25401855830527964,0.6692303039108122,0.17419239648045115,0.9312573161497321,0.8720175391835046
150,0.08561781261045764,0.8084367672460376,0.3329263892472005,0.9590044844298734,0.7636174891826242,0.1496151030923243,0.3911305829008843
151,0.255573878768671,0.1667775007704947,0.19644142652426977,0.9635488313214816,0.8059314115573111,0.7607002077580828,0.36779079268950576
152,0.2015231279845482,0.7612397050179701,0.7018962667888934,0.28737179145353386,0.3627796800557901,0.3383704923963192,0.32030160422119236
153,0.29684847766048705,0.23503751730958022,0.24530163196767119,0.23914079967544744,0.7346146140299998,0.634118994189458,0.8408197280221231
154,0.9486146837796405,0.5586062905727865,0.5789694761508877,0.10288041072666299,0.8847940145051151,0.9618010461045653,0.35868586816290327
155,0.7066477973901316,0.18131404552930896,0.7213332027131865,0.6165218358816258,0.24731554909560105,0.4030011009996395,0.20683616461193843
156,0.9697647537650522,0.8396699705608235,0.8486758930668464,0.22458117479625261,0.5254393381183635,0.32938467997992005,0.8147003547762602
157,0.34357151864927993,0.11028840324311673,0.09259196930927849,0.5530517970092496,0.36451682370860705,0.7216442136796105,0.3955072879617437
158,0.9924387655399657,0.0781529756022653,0.7316661812476926,0.965340349029542,0.18621821931668248,0.7221132175361183,0.5336238826661327
159,0.9976858337535237,0.7934485861993252,0.30301726658278927,0.2951811559420262,0.9806960303675573,0.2554274369241676,0.29127662396612974
160,0.19418675263059848,0.7236843120357428,0.3094461134531341,0.5369856745215944,0.7732264627361529,0.60649414200794,0.33604582176108666
161,0.18794553626107224,0.24001540173985114,0.7852321493708129,0.05921402956682387,0.5342420032128022,0.15887432597712536,0.043681758947141214
162,0.8207263789856465,0.6908909158281679,0.40781391947360424,0.7474717886735956,0.3255217694180521,0.40870332392657505,0.3490273235785426
163,0.45833028025633027,0.22421534885050376,0.8154544987316961,0.99420373755646,0.616650705210126,0.34608522748172754,0.4567249401456226
164,0.023874288457868875,0.4555046681710606,0.9348799715838855,0.8376623795726318,0.6156778093244349,0.4922086526613705,0.15171661495844302
165,0.6335018188117708,0.6678676511883767,0.9576839293286151,0.9268554483899998,0.11000686236660129,0.7657892172036681,0.9179865725678201
166,0.36727536471356337,0.35694397777619646,0.6323611113080442,0.9703497293580148,0.293475514467354,0.8516496544555858,0.3395781241950948
167,0.9332235760229716,0.7821459417229096,0.14524303686765072,0.797170969713594,0.48993916979035557,0.8872575587645614,0.2988218157392801
168,0.9706026495452541,0.163554206372154,0.05806916042145738,0.0009726376794420011,0.30407606585377667,0.9909205869579704,0.39787008950922853
169,0.970830410768635,0.34311797690708,0.29878793430648076,0.9794919904665634,0.8920875764071611,0.3293920663857455,0.02418850034754727
170,0.8323385865050411,0.5267129840011832,0.33714837192923575,0.18060834870724352,0.38712031823579474,0.32131806518585493,0.6500694511444011
171,0.4441987842777235,0.8362530027631209,0.7498630151856852,0.44414684722871167,0.774225721168724,0.3188219914850655,0.07104702555221121
172,0.6387667825159861,0.6837814575148911,0.48943390687481736,0.5642674840287644,0.7948800622096251,0.395443473574276,0.8930861004132828
173,0.8292104823587473,0.0403675275284614,0.880011161162246,0.48855397380080545,0.3793147384076827,0.43247245561676906,0.8269857611061767
174,0.23621055186903028,0.4489786310351257,0.6819149423959247,0.49961131469100006,0.5046594855016834,0.5390850066620909,0.9352306116699237
175,0.028561262112796748,0.8875389707887305,0.49042024715726085,0.27034085742027447,0.6037457370487247,0.6684186609266122,0.08393521426306794
176,0.23410698777988215,0.7874718628720552,0.0993544129396029,0.35310754863764127,0.6215283523305343,0.9194054828738079,0.3087328905656018
177,0.8653937034941063,0.323379088084614,0.1878639978648432,0.5218877611939962,0.5858317069468796,0.9282695575260729,0.6001108680430941
178,0.44782114155360464,0.31212234246331927,0.16249952139885426,0.710521298749463,0.5780853488434895,0.16599786550787787,0.9516851734825281
179,0.24172402030825813,0.6382468799867159,0.055353400878570436,0.012598673431889584,0.5445435687044087,0.9367235203876564,0.8433741701801037
180,0.1012792888748173,0.3184810552709364,0.6494440970126952,0.008172597095532197,0.9064624402763964,0.026536688815447684,0.5198930456979779
181,0.8975149673579628,0.3950921044338963,0.9233307137150055,0.9845383390191383,0.9677716921716473,0.5577434152230673,0.37940838028995316
182,0.9168305777904937,0.1370414191925743,0.5731777352459541,0.8747045178988379,0.17771129468074187,0.2665321705050394,0.2674303026111612
183,0.3164972415700197,0.6237512527987465,0.9821906420872168,0.8908565407841831,0.11658484372477829,0.0338434805991733,0.09332141221984913
184,0.3130061987492001,0.42982703129208766,0.08476110490272748,0.057586194764935206,0.47132026860224263,0.4522771949208453,0.7006138689847631
185,0.032630842865324694,0.6804490050491674,0.2599296335910254,0.8256366012792892,0.6149907489461426,0.5730041845025032,0.22501619444837562
186,0.0035085287598102255,0.468544038554655,0.21582060433728323,0.4724711117515028,0.6679071597454677,0.8006470345222496,0.014112734279788652
187,0.5495991131756133,0.6597080091195766,0.5690103045956265,0.6828576685284866,0.8337711220992027,0.19960690739559084,0.5280832149736939
188,0.9208560906121643,0.4749519307805866,0.9085105707025131,0.058487644214697765,0.7148069166508405,0.260368645985922,0.5809589698889304
189,0.6179913097689108,0.9508922094170357,0.462222472009692,0.37610594365388195,0.14979277303965877,0.41832428630747154,0.264195725586601
190,0.03507381071811877,0.49248991931692987,0.6353576318343361,0.8056233719416604,0.1586774844957849,0.8232802111462468,0.8824261658873636
191,0.07620954964637427,0.08152305035154539,0.8225015688975791,0.08986287336289367,0.7593817012879184,0.9104161469772794,0.25182184801674434
192,0.39581135427855585,0.11977371711401852,0.14882220061250762,0.848680770252506,0.5635298667992369,0.4188915146550276,0.09464040866937162
193,0.2848006243265021,0.7697712133496807,0.9910384360494175,0.7481563324199677,0.6389114672917714,0.14721658249186698,0.41422435500522214
194,0.35997006452807145,0.6406110634707537,0.0033255813677854906,0.6943100728493987,0.5865872998297991,0.1870902995578575,0.22803599412710807
195,0.14309900099386852,0.029571580875853543,0.02612642486327399,0.3742145109791648,0.2338761436790201,0.7678418882741954,0.37861237545752535
196,0.46258581553650135,0.8840430170957355,0.7090946265840207,0.2782930464293101,0.8188873308766513,0.9869515085168327,0.6248839649984238
197,0.8905702671464198,0.994952356760737,0.8723978398336656,0.3258847259719104,0.9991383021712698,0.0019187077249745998,0.8239780048583694
198,0.5194494647774235,0.6131213509525729,0.003408372864275866,0.5021839304486609,0.554681067986547,0.36478570396220567,0.6179185147131642
199,0.33849488677606776,0.7249719408930303,0.6633476013041101,0.612075385322173,0.8114601133238486,0.23969460339728044,0.8654302053917836
200,0.23029102894487452,0.3352046661384529,0.8058220475918282,0.905326521210241,0.5456639514082772,0.42472264714754104,0.39141077767969157
201,0.5664567081791767,0.14076600741769385,0.5537018756020516,0.12789109591439585,0.6895193230620248,0.7120533918943653,0.23178975306531902
202,0.7880255327903705,0.18844960800540744,0.016884411715894276,0.4690787421621696,0.5900057554100697,0.616361613111897,0.40620589134986007
203,0.40382759697371085,0.4143316575288887,0.5218146747966417,0.6019728497034587,0.8283369266875313,0.07750212197154827,0.5289566683636014
204,0.5918011877082345,0.28909142108870534,0.5455381960380876,0.3108540348846487,0.8659017338059414,0.009323674474456922,0.6944724203190007
205,0.7946077833846156,0.6052488448971935,0.8726328252090221,0.35125082773040983,0.03158355071332941,0.27273575274096074,0.8876750881169789
206,0.07445371773722353,0.30916048721533673,0.102786509317914,0.5150782285758299,0.9358584174176652,0.7532979676881564,0.7273849198447918
207,0.8825178821178989,0.6201782178919079,0.16428248420821223,0.799816233653176,0.18211323988365946,0.9480178290716924,0.45754873732991275
208,0.4824431353474874,0.30453034432109116,0.5233394714675873,0.13990455568296434,0.22465432245836237,0.6639941862329662,0.3023573352283998
209,0.39233584714842495,0.9548857975561881,0.7070021444243334,0.4863502705649818,0.2342534426940559,0.3411258671470073,0.002891507005636673
210,0.43663041509162437,0.2501683176384216,0.02759407696110905,0.2199067603680528,0.9028880373882019,0.1209037021705266,0.584301824627872
211,0.9611322287011036,0.6180519828608099,0.7862507989678996,0.5510739277825719,0.8170561223547177,0.7651269063727791,0.44288577996008427
212,0.8996411798465314,0.5552348847093203,0.9113214711962538,0.7679518279323663,0.3634645301413403,0.3227819186813845,0.5589306021740521
213,0.7886194333640777,0.8197647508491462,0.12109399364708295,0.16104969814610393,0.30537071855659315,0.8509323450989387,0.9363588201413232
214,0.5317972646151276,0.828277176707094,0.25593257251980117,0.7204884173026701,0.7993011056330059,0.5153862771627391,0.20700624704701243
215,0.10867839141918711,0.5457681362775421,0.573048704799645,0.589154552856679,0.8110739095010382,0.10578626322267126,0.6516168773571821
216,0.15786791408417877,0.5666958757772234,0.7396946970031205,0.44574601092635435,0.7643171411901071,0.7535711866892453,0.8010569386739071
217,0.5360982664627808,0.8333126320170279,0.6114289572356341,0.7999315821689178,0.5067524344503316,0.477206437090285,0.5366741184566078
218,0.32077268654953484,0.9596773191472815,0.4874955686500778,0.9424704815642427,0.97415925300909,0.9767647917270494,0.1853917130032624
219,0.27282470193702724,0.5157318930064685,0.48406112330159157,0.7753860836298021,0.8286470763760039,0.3413359938090186,0.4672160414454215
220,0.35383605294828335,0.9035629688497949,0.24871466812661414,0.47203157316038347,0.6683609538575186,0.7354652791994968,0.9749151702294114
221,0.12017838577009954,0.9411847418033543,0.6850675091819836,0.32789253530605145,0.3750862162130729,0.7013984042100551,0.08320966657138895
222,0.9798095748924714,0.9441588926241572,0.6918772270654124,0.1965072661643703,0.9216751801449617,0.4613362919903987,0.5066956994091605
223,0.29810477099771027,0.7464000610879973,0.6982060139570345,0.7318477718659177,0.3743195167838198,0.16714362110433312,0.6967162556037747
224,0.3284302581362408,0.8585607847656076,0.22899115317742302,0.48288606436952475,0.2809757516649892,0.6505597034197196,0.7642507249043208
225,0.12634742706313984,0.8505400141389038,0.33391779405505984,0.6167715954005288,0.3217476332602802,0.01435467662221046,0.4690557665933107
226,0.39658179079472833,0.711388445110689,0.7758445813980827,0.36868191446049936,0.3272743841481307,0.09404090115020458,0.30990169876747553
227,0.04463456396110155,0.6750532030914319,0.41210198430740974,0.8514906155845007,0.3668917475147684,0.7670663862247721,0.20737635079943306
228,0.2987395754196498,0.8883434774187333,0.6516604693003257,0.8426922086434202,0.8687579740681716,0.3869890840247081,0.19388940199451432
229,0.3208391013333812,0.44316908589976645,0.545623839382868,0.4420720765174777,0.8113656046474159,0.6295762727027334,0.7694947872249704
230,0.45354737784870736,0.5521573674030914,0.0035486332716400115,0.6245304738799035,0.5146970007259433,0.2919953768053203,0.430379696530407
231,0.8406810565489357,0.6894936797799269,0.7124055306136814,0.08244947623946342,0.9725004720483281,0.5706578273074764,0.1636878741437391
232,0.4229112847697928,0.6583670417941055,0.2751733517836634,0.7652533075561737,0.9856722319049465,0.11690494483959668,0.5178108838028999
233,0.0126140627307334,0.1519406950547697,0.18457067735160182,0.451742700188535,0.8421217450117139,0.6798745645588632,0.4776150247576225
234,0.46492437700820033,0.14365740135006777,0.3533292818146829,0.47970544532292203,0.7931047048271116,0.5222357070472408,0.8720403237547403
235,0.8134277237708708,0.3384680476452233,0.20912803906611188,0.11368832910909765,0.3448781542542212,0.11122154684573493,0.0291816455853392
236,0.5451206457560472,0.8107195520978213,0.2397839340792134,0.299435975386551,0.408301269791701,0.4348422642032219,0.776689029902509
237,0.7713964270727587,0.02190333721663562,0.49256160650022607,0.6730751161851548,0.8556006550533776,0.8033790483469451,0.6654125336629274
238,0.6738907459304364,0.4743883910121953,0.14270345606418522,0.7807189449364464,0.8488264524367104,0.8830408706996115,0.425561962171059
239,0.644054945536696,0.982808318596295,0.6501209135728561,0.6019310608869253,0.27434859185220606,0.47753380599149664,0.0789620394441578
240,0.06918631203356729,0.008383658545202288,0.09453760775277609,0.4986488661558137,0.576215739936311,0.615929490465514,0.14723809577716385
241,0.2058481355600178,0.8054739155591513,0.15229702773691545,0.013496252685522014,0.6021112798506508,0.4262237770068513,0.5208496833602647
242,0.0026528196690369654,0.9642287540249392,0.32965127789433957,0.2130000786680365,0.500677304819175,0.12158357158503097,0.6143892805549608
243,0.8379048819102,0.4981287622988624,0.9442011989533271,0.41873019866785477,0.6706750762351421,0.5644152670390916,0.7063701881446492
244,0.8471866922524337,0.09989388328444693,0.301489469207596,0.47401437701023674,0.5746015287065277,0.18634881457249408,0.5115035939911285
245,0.993262616780251,0.32819168446887703,0.8240567018111957,0.5019869309256909,0.9612670618704265,0.11342137936881791,0.3729369634628392
246,0.7699241999910135,0.4327027540192442,0.8330635618739203,0.13993400717456006,0.8410314577191834,0.6383675282697849,0.899365499349742
247,0.5475272883161324,0.25622917103596754,0.6527315236610642,0.2481789002447402,0.17763639294980516,0.09553673993792167,0.07346560649987466
248,0.0330522561671851,0.8557733747790229,0.06866606655254182,0.5094159337883297,0.7863285195079055,0.24706461576975347,0.19363408105231916
249,0.32385581250316486,0.8344916828986341,0.5359314723550307,0.9217025751866045,0.4262552110147182,0.9819830782127532,0.06420836767412885
250,0.7108972986679336,0.49926816817554776,0.5761842419166512,0.08939672948904587,0.04643240651217295,0.6661344238312847,0.4122061741080144
251,0.3055595183805545,0.08221403477900469,0.7478499068670741,0.39732719459822474,0.9867095691163812,0.21676532774644752,0.2598153399661226
252,0.1987365999287074,0.926832914606208,0.24240557783221794,0.5395253852430807,0.4673678344585165,0.14696916430774265,0.14482381364682495
253,0.792646911733893,0.9244282935797946,0.23252888428413365,0.9867485654142908,0.8120179221277687,0.4442665603293665,0.6134263417727166
254,0.5751439413379338,0.6438461142113399,0.0939112027893978,0.3632825070501362,0.22291779268807455,0.321186351172596,0.08568869698169346
255,0.6368067466972369,0.782765388748897,0.0772381459901772,0.05126968052435665,0.5853619014048149,0.6422746711394962,0.6383696941851572
256,0.20791817787665368,0.10491820865079293,0.8826850907434992,0.217775862577266,0.455350502716125,0.27509264311888304,0.5874426743322767
257,0.3050585609389245,0.22362183985373862,0.4293670485886174,0.45758793755978766,0.8275690382351094,0.07798662391329525,0.29205881624049246
258,0.7426736269369615,0.11567503604692941,0.5789346850994526,0.667103736934018,0.5929859784168559,0.9270087372421317,0.09582445702936182
259,0.09419535138699509,0.5029571793424166,0.2676998828453675,0.9665775253018469,0.12228204503720719,0.5516263073645826,0.7608722350946037
260,0.5071012772414413,0.9401868562507933,0.5421248670529863,0.024983863863350053,0.012939585552058763,0.47975455187732885,0.09137497722438848
261,0.18338981076572958,0.5439491089662989,0.9414986203543191,0.8427121014380604,0.025264430117686865,0.9400414911409805,0.13299004307684104
262,0.7035586878232952,0.72250732904884,0.4442307778288087,0.7476473646172429,0.5264675737753298,0.7809886654676415,0.9640995086978644
263,0.6637536956516353,0.5180987578230651,0.05121379398521175,0.07511413619620522,0.375162181737387,0.73822179746483,0.7124113359103471
264,0.8484789705934207,0.22931467455326193,0.16109353629146483,0.7656467646332098,0.7340675135408081,0.02190174940329781,0.029091222806093886
265,0.1334916994157499,0.8275991651500056,0.38709312242830995,0.5414171335799308,0.14306451382326812,0.26276033699124457,0.17763049161082112
266,0.46552896636714025,0.13657017475111077,0.8710331068786216,0.7313330413296742,0.2339544198832345,0.7311547421543312,0.9905318261794976
267,0.0131440923688394,0.8260989416263781,0.02397686876214744,0.5987832780026012,0.5199506740343002,0.19896930205689756,0.8018636652961061
268,0.4789625571017,0.680580823849573,0.07866717417806246,0.3276617383301432,0.9063602000826279,0.9300781416005975,0.35609812515121164
269,0.7901876643932797,0.6483021239993905,0.555942083648155,0.15386138367795488,0.5624561184530238,0.43174655320001776,0.41576461424357614
270,0.11273439046892053,0.9832075441873815,0.5770602613330698,0.01218924738834315,0.6845070336391831,0.4193794643222273,0.14040084804392294
271,0.9842165919800335,0.563334782877248,0.024681949691075844,0.7019644871446284,0.4479510720104325,0.42549014426812515,0.8011079549396896
272,0.6703009758555338,0.6660316402291193,0.03775983589922194,0.5513234059241855,0.6016408826086299,0.1433317904336847,0.256343570810858
273,0.2518053050511957,0.2528472963463423,0.32762330896892244,0.8600918034841739,0.9833780908916097,0.9114381799897131,0.9277608412371768
274,0.354023668506507,0.08764236875154363,0.3089318463709716,0.07232759380857923,0.6698790072245119,0.8852489354395365,0.7560607545946816
275,0.13207520064517375,0.06745853809559221,0.9850880787885021,0.15041616757607212,0.9164447450340175,0.509585450924783,0.05542154797652599
276,0.3154152728532116,0.6659517466315729,0.4673935577985443,0.589391667581467,0.3878078779829458,0.7467336008205766,0.09577993596309009
277,0.28862670627210973,0.19908528862290664,0.6832271001743491,0.5422265065821898,0.42740395081013116,0.9914883297812885,0.4236747249713023
278,0.5509901794449965,0.47669912670926573,0.5439026996693771,0.6684507415361853,0.8867379572003288,0.43143686862847275,0.9643145837612372
279,0.12601835066011957,0.8227343706508489,0.10381257120489618,0.5729048763798438,0.6798819349447223,0.5865308340775446,0.3677479116571143
280,0.037636026712384196,0.6466046883374452,0.9906428647570725,0.4030993236417252,0.2268928740495627,0.0649674126848202,0.8679259795752894
281,0.050818365706180146,0.24827746541987894,0.26558199839725893,0.27028311586829024,0.1339602978477884,0.9435098323375721,0.5486235680552851
282,0.2162594986313353,0.31662399116363216,0.46164117179482655,0.8300548408556567,0.4246449889052185,0.3743665158269307,0.5942602560684883
283,0.679906398243214,0.6005904374020787,0.7178822940193168,0.7943904146492486,0.7577247339945429,0.8363695172060946,0.33246316278925714
284,0.2887211631594442,0.16378097634842392,0.4484177613879815,0.1551444862516671,0.14205978451390133,0.06428592269420452,0.5365842584883433
285,0.6801830086661841,0.6513490363081582,0.37186125326054364,0.5214406553302673,0.804488960813293,0.5638351121656793,0.9693903128694221
286,0.4252317070966638,0.08579025395641016,0.3987656552567477,0.6463494132906751,0.8185124529150167,0.14359263951295054,0.10623099568933525
287,0.4366517588340567,0.8309478333501908,0.28384782145296783,0.3344375542403544,0.08898433891375879,0.24698580727928188,0.5958421061978728
288,0.05895583117040093,0.5744380367637549,0.5528462539069346,0.18483525109922772,0.045091316134925785,0.4898406981735809,0.9461735785265426
289,0.9442297860785607,0.05990729117918958,0.7196981368234753,0.7765346243885942,0.27743413080924273,0.3205363933010291,0.785908821908277
290,0.655588586636081,0.11587890614536145,0.7420211516032166,0.4870173919470887,0.6725303284261493,0.884571310810271,0.02726226475759963
291,0.48064562750798423,0.7994754258158665,0.2512711227039066,0.8096201514386752,0.852913732339886,0.5122738161785586,0.07228298349639417
292,0.3186900303316106,0.21311031562865912,0.6129945542630381,0.6716508223940095,0.05609789752778882,0.7946504957651952,0.8682575742178628
293,0.4662071065840141,0.09748427448230834,0.10616304827163692,0.3923314911048966,0.11133814856610946,0.11493592416939868,0.28403151490498846
294,0.5290949919770407,0.8935504412168213,0.6250846261660421,0.9677321493124484,0.1444870084481399,0.6666174380345001,0.005027383195085333
295,0.34117588248443464,0.9267422453118731,0.2268863778990846,0.5120593020389445,0.048908611969269544,0.002325164313007222,0.6474278117563788
296,0.1510217073707717,0.552093335302047,0.4096188168537134,0.1761389942803887,0.1621111342770879,0.20331457977750467,0.5837960597789978
297,0.061890615531933646,0.07510887203735306,0.32957881269948686,0.7083068173782807,0.6109737025931646,0.4265738317373208,0.6283711663142157
298,0.3171043144073997,0.19540816864608823,0.9616235697716621,0.20007777055701026,0.4158242625674142,0.5016292837872249,0.9963672322170746
299,0.8767166579307071,0.944920477031254,0.44141569524202495,0.6031111017006131,0.22854417383690384,0.19438267768661122,0.752485320001368
300,0.567321148177049,0.28049549535747453,0.29634594970213135,0.32588363367018636,0.4480733053846925,0.633739143623127,0.6650624010365288
301,0.6624612885605393,0.01477554142961579,0.8296717900805081,0.4051077834772031,0.16367050175887865,0.6236926417895207,0.13792954222151343
302,0.42419066188026877,0.3387911038202941,0.6077020937613253,0.684974565232385,0.6990265643262736,0.942012255952442,0.17079722142034293
303,0.16684472458586497,0.20212258272440553,0.5203368561982529,0.8659260344949218,0.4484421095284884,0.3772135256963177,0.6460596269129186
304,0.6675434731270217,0.9905506127371596,0.9864195027508502,0.050084628983074087,0.22667347237942936,0.01798471193087614,0.9955615667693886
305,0.5310395915980537,0.7208204644277253,0.42467334321095396,0.07317985726764953,0.33877828039694535,0.2545889488142963,0.23895483412002316
306,0.3977590033321241,0.48317166209614504,0.748386956630839,0.9246906804278087,0.39982236510396707,0.07690324693737183,0.4977036697715017
307,0.08730160693280264,0.40428729636529115,0.39649129488641777,0.9371734636731506,0.6631686805536967,0.9083368268779609,0.03309141915091207
308,0.8238791813556353,0.32680943564565246,0.24993139327238012,0.8347197826478373,0.21399784386762932,0.4787207628787101,0.4729674896023789
309,0.3261069844226475,0.22399171946097096,0.06679783090939817,0.7201946250377447,0.7101705914583735,0.7142642781742559,0.6850057260429383
310,0.3222435677854856,0.15756198501601992,0.6082948091380732,0.34436024737751103,0.678817323144589,0.7076489192329646,0.023106242321166315
311,0.1261293792220226,0.395637734107802,0.06886105858752467,0.4718639418317071,0.7973035968856855,0.9082165553505236,0.7111012874962086
312,0.24024541828122614,0.28170779798409074,0.1579222570642741,0.14052852166633023,0.8781472286934553,0.7063982004115644,0.41237563657479626
313,0.045963418597239736,0.6794706824048374,0.2602984485874349,0.611895406494371,0.5052326637224589,0.49554705086469775,0.31196221254161915
314,0.4741738059759233,0.4864913014732556,0.5940619581703754,0.3667274556675518,0.9991650314377883,0.5395154425562575,0.6879168206117408
315,0.8493557573448763,0.538242392481922,0.4163676713653395,0.24435849553814015,0.4327236535973097,0.8743140141423429,0.7260042669525791
316,0.5991175462217019,0.9630263796405845,0.38756563527162613,0.7873317393533186,0.17086071735451358,0.12036972333923501,0.57834738901245
317,0.24090907788198368,0.22487532514899988,0.32315243297780627,0.8858591495583412,0.5890030828838418,0.3113513565873729,0.384726066141722
318,0.06396929124338935,0.7091136398137174,0.4015191059206825,0.035429568138754974,0.05684349651491383,0.058484139976035854,0.7319943624101055
319,0.0448129050415188,0.6101833799970863,0.6906429033500692,0.43676409457550525,0.27407877977272177,0.4553030203949965,0.7221103811244232
320,0.2982104710720709,0.7670901458310336,0.8789478611820063,0.5911892480956529,0.49267155448491706,0.17108749376547172,0.8374452277403128
321,0.26063794256118666,0.24791280682486727,0.597125983734683,0.6447301954837399,0.34097418321726325,0.21029185491064628,0.8388322029909375
322,0.42488441864843296,0.10453327432202664,0.20624246001162916,0.1311828867262531,0.258279236398248,0.3797456815095439,0.24509065925415274
323,0.3195831987387069,0.01601963867770606,0.3355464277091502,0.6955442966405726,0.5874633550118147,0.40573331341485463,0.3717727637339273
324,0.9040650382508236,0.4749344520577118,0.6963902075740448,0.7447469366869479,0.07807172856984113,0.6751907037009172,0.16972334361932173
325,0.4443244440877935,0.9402995413728026,0.4930587852237628,0.9191751395360328,0.8613860010402163,0.9236549242423502,0.49118464954341357
326,0.625291683158556,0.3868257831206455,0.32831642190906707,0.5302062108582322,0.1626876731821001,0.3465888267357853,0.03891795821666055
327,0.4125181825891384,0.1282689967961992,0.5673014219739323,0.6552342957007635,0.34585228090567377,0.7477814681250883,0.714483639467601
328,0.34883361052551365,0.7451171784169994,0.4684171398366589,0.5764521505817874,0.6706510729325601,0.1874190985152594,0.14557818222316
329,0.5750498246453364,0.29254388177542834,0.012304363087601966,0.17896533725906982,0.43325863572408285,0.8865056579756602,0.6006138077213579
330,0.8456610011513492,0.8427816941048819,0.5110431658518297,0.8927838946011115,0.19417793848185338,0.4891450449946124,0.3628275372809804
331,0.6753343020097887,0.3840404300476601,0.5506825699607846,0.3750067384968355,0.9810447077193951,0.2573422744690055,0.6208251359262356
332,0.1486879108253274,0.08909601526900224,0.4135727800658022,0.746480267242674,0.8365056865079478,0.699178150368372,0.739408610735559
333,0.9503814904932337,0.39953163705391037,0.23505943899119264,0.3888284558805347,0.3654630974575299,0.9689880113858814,0.33501325181595676
334,0.41932535923840175,0.5221153862614301,0.33207118046606354,0.6028600509835316,0.005056416046775092,0.14819498253507446,0.8166460604027629
335,0.39856776595779575,0.039215155087404696,0.2510974384664072,0.15301536057544007,0.9046102777712783,0.4096852804317209,0.5866702743847035
336,0.8308044193491323,0.3259910680552437,0.5973432796340992,0.20560711020404676,0.8881782423263858,0.34143649710335244,0.6941530911749901
337,0.48489693039980264,0.8513767441296386,0.08586613399834009,0.6704327760275105,0.3704295021369034,0.585663998468936,0.8465149707196438
338,0.7835652696654153,0.406794497068267,0.1702784225591576,0.6685400793425346,0.41490288120522323,0.2650568486749503,0.6907572223565527
339,0.7769652373626162,0.9387559898228726,0.6947699699792004,0.8699052132008663,0.2249094225941689,0.8398721115462209,0.8760287086646054
340,0.021743710272653094,0.41905968606142274,0.24303990772724282,0.18019188616475035,0.38862924688796185,0.015233844086395942,0.818716179679196
341,0.5506258465574075,0.9615025765103934,0.9464402085791841,0.9060133682541699,0.6681116175314696,0.6338016378832766,0.32912377256508574
342,0.5516854559019619,0.8990824755241575,0.634671178602959,0.16446586676445285,0.49381809976298074,0.02368978044606629,0.18230600609917402
343,0.5050752312016038,0.8664594342085551,0.19940188242943768,0.2586050518390529,0.3251047213743392,0.032045793230417785,0.9379830667022895
344,0.7470801185378668,0.13427350590262033,0.10467125313428238,0.41075978724703943,0.6493177868704825,0.8727287649660417,0.07122397424276694
345,0.34107096766259537,0.981030402881079,0.079759967053597,0.15976546153721183,0.06343203977672285,0.48592109138486583,0.5039600173617361
346,0.5042265590424385,0.4273372991446506,0.1758236438937294,0.08296766556398738,0.30990589215158815,0.9134567465390899,0.6669943360155899
347,0.9436991448916819,0.8271435423429384,0.7191652172818112,0.775542803727601,0.9565505395142089,0.04095738297646945,0.13165297999781078
348,0.43172236781583384,0.8482511437156606,0.22702856141855798,0.4499680938605587,0.4064586257036287,0.7426377259657662,0.521709442970211
349,0.21768899462444113,0.7844011762228078,0.820336383194829,0.653300003223594,0.9726905919702616,0.4174253635782824,0.13221688106437246
350,0.42823786441517087,0.30264568221598376,0.010083963442141908,0.7876967335690888,0.23099962082735948,0.8494450522754295,0.07428081566349587
351,0.9804855913171211,0.11727151710994699,0.1370495667003956,0.6431978998909746,0.909080729585335,0.1359817725158513,0.5765408990483266
352,0.7876195369253347,0.4306267430436074,0.5029128103242618,0.9346463496187634,0.9497519382820309,0.7664203524625124,0.4371809780000667
353,0.3880291100343556,0.35967873141762563,0.8532137812081452,0.8831149061156345,0.780756687493048,0.5199364318313934,0.6229214358075197
354,0.8874917807868502,0.7112835826682694,0.6495640536542906,0.6084732110558818,0.7604735069025154,0.13524184100112768,0.7649391605236195
355,0.3414719128567951,0.4367771047959278,0.7774040064109518,0.3875952571983705,0.13896239660459286,0.024387462160735174,0.9221612896946937
356,0.9480011207697123,0.6688933273353981,0.6507283881051872,0.442136630145732,0.1436823403001738,0.7966400235989357,0.28632636433144065
357,0.9675872592627421,0.13292106504473777,0.052725700483055915,0.08684829317098175,0.8447997714294216,0.349309172788435,0.23533514510016795
358,0.7300405083424522,0.02307017099752573,0.763098526986215,0.3371974472317074,0.13623482035451606,0.8207492708236703,0.5628938994876863
359,0.07195316433402321,0.8653332533179788,0.5724939851221026,0.5970530542498852,0.6978958867364481,0.3229472070604239,0.1263335904192604
360,0.4025526199324345,0.6521652510678252,0.6181084873164996,0.16748372342982099,0.22610243290889054,0.7858902262268761,0.22920990571585975
361,0.5454651268543524,0.8903394574952922,0.65310827315148,0.12122060781830724,0.3623363733319943,0.9755636313522137,0.703865969620402
362,0.5040490553591389,0.01163479478686169,0.9174228205728088,0.37084722275651427,0.5526436071895993,0.604364452296793,0.43686585353260976
363,0.8672703728555723,0.16213301732054208,0.8804094076985016,0.8286075925860177,0.7138297255250491,0.3032147303312078,0.8840956122899926
364,0.8644944412224624,0.28458163902944655,0.5150845950296998,0.05666981760157663,0.7453066852739993,0.6547674771542703,0.254262457897809
365,0.1552099086767419,0.292683392873198,0.12769067439507875,0.535796170103049,0.14495328336524516,0.6309142777261073,0.6543623828462838
366,0.49595073842557236,0.8804870404777903,0.7065332752981456,0.8916110784450807,0.2540519333282797,0.29880145825755844,0.9459283790134041
367,0.49861406826954136,0.14059780761989626,0.007942919767875756,0.057189100396879966,0.5097758418249084,0.3164255106901075,0.3646654542879435
368,0.14455076482497864,0.023957232234037562,0.3531201276939081,0.9314162251392398,0.994642075431585,0.3750214415883226,0.23823493135960494
369,0.3441646095894295,0.039481963997041625,0.4754889293856476,0.6669663316802618,0.274042419461233,0.8872454447359275,0.42566416205215185
370,0.31581771354284327,0.6030986401888209,0.3954319201875065,0.9153661855854165,0.15203650785437606,0.8042996320416703,0.4321735490481997
371,0.4129615828345957,0.963593162576685,0.48749137292085787,0.7552640873540645,0.43944005419736,0.4775120985963419,0.24883328287286555
372,0.5838117544218019,0.28858043245806586,0.15764577154269332,0.22417071999446103,0.8523304748570402,0.6442191836118452,0.2884666204399453
373,0.7892494959187644,0.6402847345691347,0.6069604561531027,0.42274411191862504,0.21884027926487393,0.21112888533792296,0.7968818468621777
374,0.7980495913726964,0.6641115401806293,0.48174958136595714,0.5697414857131679,0.9994463079994954,0.39173397328431325,0.4132410003154844
375,0.7921299363916983,0.7465895020954213,0.8875159042349706,0.24532953070244912,0.5568537031796711,0.9811061058601234,0.9404890533167973
376,0.9237174527215524,0.6384580726594641,0.2900965989362234,0.5774372536484575,0.26451335545990373,0.8595715557169961,0.45640376700569696
377,0.4551221981418886,0.3131857177531475,0.9033214186672878,0.06360404447053691,0.9599476875764427,0.4476234725375382,0.9104691911844791
378,0.3093531043543236,0.35511504199397936,0.8424154966225719,0.010763628122290814,0.8108831601789717,0.010579621408910556,0.758468160723249
379,0.05267584730121111,0.8439762685747554,0.8864105081696354,0.6186558146984513,0.8600666279717974,0.497989961804329,0.23879740263285376
380,0.9486770642557043,0.9937150754701161,0.18505498264977804,0.5154013989227778,0.336617981549862,0.1536331459627338,0.4366640322277293
381,0.32240229807555054,0.9519034826007493,0.45977108753510076,0.6615790945571272,0.7843222246184315,0.0007600310600146543,0.6114102184758694
382,0.36067291064706364,0.16077835103649807,0.3964173830022518,0.16792127055553896,0.4746771275778875,0.2712272935781408,0.48608299651814924
383,0.9412028743156158,0.04347547613388281,0.6688746181953046,0.36325914673194126,0.05708862278257654,0.5936035187544108,0.38095561240012665
384,0.1730734086906729,0.35665770099249516,0.7147938535303587,0.037250159866854315,0.516241641643114,0.4624206862083712,0.8233294802504659
385,0.1289807422396918,0.33037350566852475,0.9528536568048314,0.7324454923753984,0.06506870883241256,0.6751710240193383,0.7947604657841864
386,0.1847773566739067,0.7624567927643229,0.5176348433493932,0.19536103845361108,0.38265520234567874,0.4996799005885375,0.11003950819947605
387,0.349355126623767,0.18023518927495408,0.3482260867323089,0.665233264910888,0.8298664669175365,0.48175396137688997,0.8165736031283876
388,0.20668889517120637,0.6535677344009065,0.6143655567084563,0.37600347933235934,0.06539815501500534,0.44729340734168554,0.04759171461474698
389,0.7900146081749158,0.766252062021269,0.09991830858200756,0.49110775695932984,0.8491087201712316,0.5856051205468179,0.021403217865827218
390,0.03747124900530108,0.18216615758071608,0.6150611904241483,0.09324016806250901,0.4716036077904665,0.6349926847879506,0.8193118704296153
391,0.08507646558114068,0.41870363098261476,0.876281124423275,0.5711819438431057,0.8055592067524101,0.9120296019185816,0.9585598880175535
392,0.08165085975932185,0.346641635050179,0.2466800942770787,0.011014380854689976,0.9053743663825392,0.8489614901956277,0.6520246638133932
393,0.2078906694542555,0.7595611933381832,0.9162292319937836,0.039255958577804506,0.9073090917350005,0.8916675244785469,0.5925888584441411
394,0.09589807939280759,0.7965856744152805,0.7794947723242477,0.5688913272316941,0.985605664679297,0.9584576781121821,0.2926011971569764
395,0.5158191316464524,0.17449658680205515,0.29305365520493154,0.3157095766204283,0.9474441267650524,0.2241762042062012,0.8341050496135267
396,0.9010012584084134,0.08293641245455619,0.3499672524803765,0.465931614932094,0.16650791319309421,0.5534720862441591,0.6338053276039715
397,0.05420666746581004,0.3357053528024192,0.5029577742183432,0.48583343560093806,0.21893038144564425,0.4501177853319509,0.3639857362120593
398,0.800281719040982,0.5321292272940553,0.9729292607713645,0.12439696903044739,0.13011061516328903,0.270157148020549,0.8693809714083967
399,0.2657633526013631,0.16071247095204422,0.37336265555747183,0.3413377940036698,0.10432346672899762,0.8094892854613478,0.6831996243468434
400,0.5724994231232964,0.4683008168211539,0.034249686643427424,0.1918215103275952,0.40282454114221866,0.9086938735818846,0.1285383294431316
401,0.4154172406353762,0.7466254284019662,0.5363509068042313,0.6148328682099429,0.7061384588564856,0.39085484383967106,0.6935454828481779
402,0.44906890156931434,0.09791986024097954,0.5156204601366032,0.6207758990167773,0.7503303457804893,0.21620467671926524,0.5150607247393125
403,0.7477380433747561,0.8384588870394463,0.961602143717837,0.9880843181163093,0.9258844585658788,0.5523919186342527,0.6897675251252678
404,0.5151172603180468,0.6737727587111991,0.9964478652455101,0.2949458807050398,0.3431348516899546,0.6574982160029262,0.7343517234248208
405,0.041475724889049825,0.01777823531965872,0.5507649510959989,0.7978782027132032,0.570563862991972,0.6650972876847522,0.3785753834500657
406,0.20538641810495017,0.39932661087369226,0.39151586451327636,0.6869774020478823,0.7738072142217237,0.8469057533576091,0.9711540369060865
407,0.5919546087615057,0.3518417887869085,0.7131809691236616,0.13645113189685587,0.9468656112024136,0.535745823221252,0.2596629704095371
408,0.19632054432363388,0.1128634931508481,0.9534468514098136,0.5106455846469848,0.501429051134007,0.678370157400437,0.9818116307926682
409,0.3791175528985572,0.9876732775504232,0.7538127273908066,0.9395607903711498,0.6134761048285111,0.7522562015536541,0.3404237065033946
410,0.6774615543074276,0.9458996468361031,0.9291789869835972,0.09650912833050551,0.9420793792611857,0.08779600524997855,0.7812362803241094
411,0.9537721342034209,0.5431052955760176,0.033834703745764805,0.8606536353850945,0.9222237433647841,0.8796240921988739,0.49297499209674744
412,0.9942572851904342,0.5615571213688029,0.17077974622556402,0.5678775405442827,0.5871380106268987,0.4579498857456148,0.6643403672266722
413,0.38626735663304346,0.884316201311121,0.5010031623490252,0.08686999275905982,0.4496727807912789,0.19520476587509406,0.6320240011467617
414,0.6891356007332172,0.9128491109587895,0.7511138790454446,0.451102027541057,0.4287449394396291,0.08393873163017751,0.811274768916978
415,0.3157274405516428,0.3970079124851822,0.46083989273632464,0.9998320594435243,0.1392656266420218,0.6294428844599675,0.9617077112521095
416,0.10471716438065382,0.07461676275106244,0.6739103421953803,0.12552824245937433,0.19983285263872863,0.346056636587436,0.7046878372059943
417,0.7084850651385579,0.4359722892986235,0.620299648130037,0.916648253777226,0.4371530359813247,0.08786812301895175,0.49473739196331756
418,0.36680549892656955,0.4741311605272728,0.40079789782876796,0.19512994212696655,0.7100728419824274,0.45465719867007826,0.08244556347947096
419,0.42045504053603056,0.11422333960691089,0.6443017880864413,0.8839995436131922,0.57845271945569,0.9132884016584752,0.09323623192892239
420,0.006709681913865229,0.2692797557365184,0.7047190840986882,0.6376028737838272,0.2567327985625245,0.4639440672784393,0.8613144210789317
421,0.08674650459049704,0.23101973482869476,0.1828940271047247,0.8810298393527716,0.57809895029078,0.029356919049996044,0.3068111790388406
422,0.13356954527270404,0.7160048273985273,0.832555676186827,0.9128459196561293,0.0539906530544102,0.8310573346608715,0.8162130448574458
423,0.7345576514954778,0.4777318647915153,0.7846084353043453,0.09876609781772228,0.7673114011112828,0.6147408511103817,0.5023591983544493
424,0.21870180030834363,0.1369753800942376,0.8074248814915053,0.7139943282928825,0.644615476447264,0.008345571586850564,0.36427113672947387
425,0.6554741216587745,0.20881280315830786,0.8658810426613437,0.9231284631735561,0.44419316454642577,0.39663411017510186,0.6009830172078509
426,0.3113488625019203,0.692345547410615,0.2688484632194328,0.9754418885994032,0.387323675702257,0.540558032688829,0.0026731196843455818
427,0.8659484163150385,0.1454454931195549,0.6284823409141517,0.15552785002257397,0.31803267358653864,0.0780192454926375,0.38704061385149824
428,0.16680738065993972,0.3779891807885536,0.1845808103813733,0.7637603233585043,0.25296046783129933,0.7971755555872704,0.8500221701545172
429,0.6701260994905234,0.2707342338068026,0.44393691235951493,0.49279047357898065,0.18280055561736042,0.2761096291088463,0.20500778990520818
430,0.09276363139460375,0.39569667721967927,0.3951240997721003,0.7189007546142835,0.4844159888559484,0.3804278447509213,0.04887688845374083
431,0.7522075213057325,0.4223825168044095,0.0935700601626428,0.859014783170071,0.07986608797311123,0.3731174904145038,0.1671995039194819
432,0.053775558059739104,0.19537901319790962,0.23369015964961393,0.5906340400030083,0.41855502088661656,0.12804792908701257,0.9458079023012406
433,0.28573226167959354,0.3121499843147766,0.39685461881762407,0.5406941221783055,0.8364492554062681,0.6194307689246104,0.07985044391776941
434,0.9280559904448136,0.7629347197914875,0.22399692177142405,0.7666012992405157,0.4027595076579197,0.26607849353882973,0.14197950225499567
435,0.8371120831811371,0.01212778630877287,0.4011951242096913,0.5772452312388273,0.780020113039478,0.44076098239834893,0.835674847221369
436,0.25539466224764396,0.7360408277658285,0.4804394119962142,0.313356373264288,0.6731790969261846,0.794038749621394,0.7575356263572552
437,0.3245291997352502,0.6980534052367735,0.29327112293770663,0.6272146736194878,0.9173140419944485,0.991294239532745,0.8609032148503545
438,0.31981502639615067,0.956678973409505,0.7537340507683924,0.4068956347079731,0.5139286223581421,0.7815991634235725,0.5429661135093541
439,0.15114913128140484,0.7181040212843902,0.4543164115153431,0.6359421519776507,0.4026487857353671,0.028589364030073616,0.03608505383999283
440,0.9062907214451947,0.3828334972496479,0.6441939760341954,0.6402771637628102,0.7996114961285473,0.5403190887476419,0.8283557722561609
441,0.8250002764848334,0.060810754613753515,0.7295257938640053,0.8638472004333307,0.7288482439298377,0.4365499829951881,0.20493244254905874
442,0.37261040977539106,0.10140870298915061,0.8205941752880664,0.011345229949869196,0.008884625757414,0.2294122791660287,0.14179391557734866
443,0.07794290704617457,0.13513558091407152,0.3708663524715795,0.6204445176955155,0.298758042752335,0.11886376917877006,0.7906084130202184
444,0.9357589447787232,0.06870319104919831,0.9075400094000996,0.28682260558992456,0.2574408505315866,0.8648614745801738,0.09416156726683178
445,0.7409381886550918,0.8581300151184345,0.5804367586530319,0.08482824944103473,0.5167317256940073,0.25857180204701835,0.752756759714026
446,0.2828993156634958,0.0559913065854718,0.5838490631716591,0.8373603082368457,0.8895370793878451,0.31985777700303664,0.7419476201128061
447,0.2669368119854377,0.5948198964344212,0.205697664108202,0.9686394907648198,0.13599772482957484,0.8949515041538809,0.7629596978630825
448,0.01883510185093218,0.6678884145085936,0.428999715888557,0.7071064449516066,0.36052616296819373,0.48512012172303354,0.10209717530665274
449,0.7236548953806615,0.8897851485305167,0.5951777698753684,0.627674177822176,0.08566932263346261,0.13539123817698395,0.030082557080560735
450,0.21038006895146477,0.5839649326321271,0.5739236896994587,0.4295491538788583,0.8275643963998,0.9736737781869034,0.07681606859301393
451,0.1972464674848593,0.038238611923039345,0.2871680023670713,0.14631119986165708,0.386419270164547,0.011712081848081035,0.15787408323301644
452,0.03281846928995491,0.7784413647814988,0.06489475849436199,0.389901481216835,0.48905767225149954,0.7432632520196257,0.878359703126849
453,0.08543114101753502,0.6054920012000089,0.7053473010801188,0.8754458933796381,0.03928559458355707,0.8644983873785267,0.5741902012567711
454,0.30171567392908005,0.05633957923594601,0.2388118436534602,0.8974980191510096,0.3075227239985219,0.1806057644052822,0.3187300230035478
455,0.05599404502715599,0.016018118189432884,0.23998953645543464,0.6481020108723415,0.48480730225207824,0.4869308099866584,0.7212119076130021
456,0.00028476317883896485,0.31102176013379956,0.12855659740901304,0.5871647680846952,0.8649630252004233,0.9493563849433347,0.14698574298735279
457,0.44886781449751934,0.12024506360134157,0.03898747560136129,0.9490129799249803,0.8390533483451003,0.33300763417655166,0.22459921285971873
458,0.028558080077335846,0.6356662738185378,0.9487710665079475,0.22904318726282002,0.9204154767885392,0.6830914088667587,0.6667918033733898
459,0.8339747528593473,0.13519870893058505,0.7742535585839259,0.7022739999142498,0.17599287183187684,0.9091596502053728,0.132864223233345
460,0.699482248627915,0.7684667341999006,0.04601565747183112,0.795858187848259,0.6678899618658207,0.5130430355014368,0.027613719324228958
461,0.6844895497876443,0.7831060340921191,0.7340400122873425,0.9089563979636868,0.6393533747517707,0.7725939741193846,0.5517264448579653
462,0.2504043104874052,0.4945912051419381,0.014968679662111017,0.8004303011327271,0.5266130149167895,0.8391464842810923,0.48538607197237216
463,0.8210156768787079,0.06737539711779628,0.7105262467368829,0.9899916145750229,0.10688705151773747,0.9893516153659769,0.2615810041440816
464,0.9016489918025712,0.7050726718880727,0.5002461610376941,0.4856360712765291,0.2648332366447903,0.15338283164600397,0.9839978765106292
465,0.865291833503285,0.16097323613628856,0.7886745634406664,0.715877757777544,0.9499200677159042,0.5798507368620408,0.9145260552912002
466,0.008653864130358735,0.8441221618218049,0.8355158008287483,0.9776190126561263,0.6301340667590808,0.47933880886835223,0.5188021219951737
467,0.9914247325383231,0.25532707210019456,0.10665000730414909,0.13752545751358303,0.8727439353692987,0.16138522884951934,0.5809989099280688
468,0.12105785718452744,0.1377429990576431,0.5899877464375842,0.0223562492047904,0.3130434883075036,0.8960292096866487,0.8210278381136741
469,0.8594778377507558,0.24178252578163273,0.15512676101158462,0.6583973761976579,0.42670218274809724,0.7077846152992336,0.5747422157401428
470,0.4920899844247173,0.042351797222124565,0.3393273259724261,0.524720763525332,0.05449011330416542,0.668240487507231,0.7747868751586531
471,0.9331727421360454,0.01736066799943614,0.7417556179869889,0.48607459697511246,0.15203421493305425,0.2531963621155757,0.36862139688086804
472,0.47353470602936587,0.22240526189409282,0.19528531640767233,0.12237872719338672,0.4954575167814672,0.48462291263118173,0.40315405843578167
473,0.2784341286053815,0.5462011261563783,0.14654299326658637,0.8924667689147735,0.8344805806898195,0.4042869036677449,0.8068390246368949
474,0.03527946949242822,0.2697483004524225,0.2940252938616412,0.6600442123123037,0.5426028591250807,0.40114055737091336,0.2634714226232975
475,0.462751774001648,0.8361652791389979,0.7235272399009393,0.6595067720582151,0.5821859301803116,0.3168314552372371,0.8333037499726617
476,0.37328195931560515,0.8788568367886509,0.25349954578533596,0.7563496266280968,0.7856683946530019,0.8959773718796777,0.9561448799419081
477,0.12914520921381212,0.8406460202650374,0.4398278987361718,0.3722763553249677,0.038239429165720984,0.15605904445315766,0.34546359610579913
478,0.8855139465373654,0.22930224414025446,0.546564140618686,0.05922318110455527,0.6241568459316572,0.7673083476925772,0.6470252912696545
479,0.8827008048699571,0.6604106269119061,0.03655854457245067,0.22717222893473898,0.2592628540942763,0.23871688244165323,0.42732312992900123
480,0.5947521527057552,0.578207077933255,0.3194738537862226,0.6204123657153241,0.4234684528392525,0.7694579124814779,0.8042498970405619
481,0.6039382810356779,0.2672694505060548,0.03965571621559516,0.11195551816009242,0.19099546328092332,0.8543619273115827,0.9765384638215762
482,0.2919715602545857,0.6306520195291831,0.907178184083919,0.8348541488558174,0.8206224373607327,0.055902628125061415,0.16979210318869553
483,0.3493432948587738,0.7934863963118591,0.7450742883487156,0.9631008430163778,0.7803860090339485,0.1695571870129634,0.8450003010850419
484,0.48872426622433884,0.03741695844494408,0.41696432550548224,0.7084283937516764,0.9670755150819065,0.18326077215507974,0.7895251048668214
485,0.7854477892550779,0.2506782017337451,0.4511712367833344,0.5806439522117107,0.5733801083957512,0.37956252946258817,0.23705695605038324
486,0.5944979337857461,0.9193955440714351,0.025681248333007778,0.480877615659664,0.8978267126455712,0.6803780747857434,0.25938636651269265
487,0.08744962547512636,0.21479904886272883,0.13266407108247769,0.524430654103833,0.9963083785609926,0.8963322316945218,0.5667002537146626
488,0.6817710103455259,0.26521945866827135,0.39174128666205443,0.42663354451042534,0.45887811919605226,0.9685768283030575,0.6443554208778942
489,0.6155168332211909,0.6551971892712052,0.8538259632428382,0.554040613441967,0.044456848598457555,0.2608544759461603,0.4624794972181271
490,0.9339347918385416,0.7068562808006295,0.43674180000221774,0.6870938544352283,0.9886960060027551,0.7439525483035061,0.4241214476854396
491,0.5893805525085496,0.7113751343787571,0.9509172118687934,0.3524638919501599,0.3984900943303452,0.8125269124452863,0.5255146591849971
492,0.5127644147848542,0.37314448428770985,0.8822309926762351,0.7998921463970486,0.18537413600516928,0.9130102726945005,0.6563590472726022
493,0.4070797890987019,0.04656367127189864,0.3273893447609224,0.4055534725182036,0.012793747656244858,0.8276381512974055,0.37649515034806513
494,0.6304813081032042,0.07529787654582809,0.6050215917904592,0.5404138775034112,0.5247848695683873,0.5470012628458445,0.2672505344862173
495,0.9995893754879271,0.23865252375139434,0.47945152550117676,0.8457576314506962,0.8996306106342881,0.288387226537445,0.18096608123966362
496,0.6123530953023724,0.9367589690117255,0.5720954360239849,0.8499328633597077,0.7768278093578578,0.48666127793676994,0.7351621674577571
497,0.1393003709980859,0.25197421315818136,0.008324890472644397,0.7352689918316782,0.8494249670513171,0.443241135233026,0.9028406337410911
498,0.6619276827255589,0.8837545151020995,0.48033966807649575,0.005047153641038915,0.6288793605135632,0.520293160850382,0.6323028047436213
499,0.6126404252672133,0.06179456755475621,0.118046516795553,0.6177819936632928,0.6227397037153833,0.6744541941732548,0.18473948764663017
