Date,Series1,Series2,Series3,Series4,Series5,Series6
0,0.7042088811902356,0.8702344325408408,0.6369371605650004,0.6979805673485905,0.5912719398761145,0.46257252200020016
1,0.37796841214947774,0.5708031011332666,0.12185583040280534,0.9616094074183378,0.42645920033454643,0.32294786254122676
2,0.16405570518023838,0.5934033314997568,0.8831958158306245,0.18263870558609663,0.4794009001771109,0.05017806823227078
3,0.12565202090991123,0.5722292397175635,0.03442218782213069,0.4247415095459769,0.8110317244305743,0.6769046664482979
4,0.251008873388909,0.20676300986029428,0.6528921927617575,0.8862541361535472,0.5260062905774855,0.19808858743223456
5,0.9134312110075804,0.6283342702982178,0.6003118877473917,0.796312462685498,0.04744614482853071,0.2775506293043589
6,0.6555068481489421,0.8152502785563348,0.9229929760722465,0.016648205602828647,0.5648165861453553,0.061106428081499464
7,0.2501417188045322,0.3079121849333052,0.0322577089006697,0.8100172101753325,0.5986446467977323,0.26458956053730975
8,0.17730350697485464,0.8290135116800326,0.9972047008808603,0.795177554907997,0.11858303280916072,0.5758872105461249
9,0.9336183698495214,0.041343954920110226,0.7554503533278532,0.35556216706600163,0.27139234524949285,0.31926323649160526
10,0.8069369313366924,0.5964591800581291,0.15448620531094492,0.2093185518960058,0.4211627018236115,0.9824957716194251
11,0.22172752066163504,0.9317060338713947,0.9454635268274268,0.14839893581700536,0.9864059300931182,0.7640879135373084
12,0.542220112044481,0.22037349657337535,0.7121096150241543,0.6688222867560975,0.05083655893524186,0.3189896070559499
13,0.08791473966823371,0.4568744436062385,0.031364238322155624,0.4649692086571049,0.6326134454820722,0.10524727449306426
14,0.6452768032017083,0.85942345099456,0.8800278951228463,0.8359866605051484,0.638634149107786,0.26194862746971714
15,0.793700817579223,0.9248669419753758,0.37802055511794075,0.9493234469239412,0.16043900041787773,0.5424002018899434
16,0.7451435319082704,0.9777977901535466,0.27139452198911584,0.6678744817950704,0.6776299262661086,0.7988565878032864
17,0.7753045418278905,0.5919783023628716,0.9896049799225631,0.3712787956527144,0.8425191652253989,0.31398216279676194
18,0.9007311433361624,0.42370359428136317,0.01732113699009652,0.36538868205958397,0.17791859783973152,0.6459724658056175
19,0.6757376056746996,0.6679432637086798,0.7855412203366047,0.09593152365760416,0.10986086702907816,0.3460615264583994
20,0.7604837805357716,0.09228151030981813,0.19665268585084317,0.31656161761681767,0.2552998625617806,0.98977518480465
21,0.6327678546766985,0.12273765505079992,0.9902500872814943,0.19266646405511367,0.5299180230945029,0.7680640732865085
22,0.6443778319494711,0.9274088534276683,0.9310821880901783,0.9753052864161933,0.13655941180358677,0.624040531532068
23,0.756216478763026,0.8041949557076188,0.6145202184329472,0.4635697805039133,0.6410470009879276,0.7294196410225604
24,0.7271629774177839,0.44649037360116206,0.9967470652034819,0.31365229053390575,0.30311483507406567,0.9922795032134416
25,0.29188802417739945,0.8490876803140545,0.2216745014323569,0.12557080125672782,0.8258333624312091,0.6597466720118661
26,0.010969286721854377,0.49520547504879175,0.7222143318291251,0.46231353188740887,0.3031947859518389,0.350049979596458
27,0.5317970161557283,0.43257434912469095,0.06797445784555933,0.13330708160058669,0.7505063760078029,0.6606541214903473
28,0.8909798292846572,0.1189513481916763,0.9288870251663891,0.6071876075316033,0.7648890635948358,0.08117564689940748
29,0.9062623640187187,0.44091574364412645,0.018664897466107666,0.11194460986747035,0.07719566227448316,0.6444262243208098
30,0.07952957850132192,0.42340344438952093,0.2600927220256478,0.02724164045458788,0.8286866093979972,0.4419167024942785
31,0.5549826760814304,0.8288006293130996,0.17721266342631192,0.655716398429019,0.4046615930795403,0.6368635717150606
32,0.7907312020736871,0.2639864024880674,0.08111411441934269,0.21833094894707983,0.9936793013883807,0.8496026734007704
33,0.9661856516312614,0.030918288452738696,0.7359791705017121,0.8813453360510466,0.400514625548426,0.6539529508418
34,0.26535712838256353,0.03559604567315733,0.8301972457468336,0.5702528295235461,0.08239381724058326,0.7593415423995561
35,0.45180807063029904,0.8053281090591068,0.40938661892994765,0.6429610357860193,0.9615604525644823,0.08778175237481123
36,0.7760369228017815,0.8769311873616265,0.777619716370068,0.6839205148688802,0.18233176402930062,0.34202451261558753
37,0.6693063938886835,0.7461535487125125,0.26447943446267097,0.8483671296914462,0.9349374958062017,0.0069154629782208765
38,0.31161972462508847,0.6321655894135417,0.31380244136808766,0.39580664997650006,0.05873272951602093,0.62567538281049
39,0.13815247712455136,0.20112334359313755,0.8912530335831997,0.9665880929225964,0.5472194763195999,0.5075554480336492
40,0.04507458080383686,0.9283791359871827,0.8116269716914342,0.3803696060553361,0.12832730769523315,0.7021279685411301
41,0.21467748845852874,0.25338675168819536,0.35688420472525284,0.14618030345318211,0.6894407732967713,0.4896522572608524
42,0.11397301131335136,0.1578583782299291,0.5041311342214982,0.6181168780318703,0.31891928121435764,0.09007031097775475
43,0.494524661356998,0.22448983779505338,0.9570959789672197,0.9781232214329928,0.704518490851105,0.4784251362204217
44,0.8375757192873183,0.9418275425401056,0.14537483966066933,0.8064035222640417,0.8307295075129811,0.11122016570370685
45,0.4747257922903704,0.0052716261171470435,0.3458357342270535,0.09494115332934627,0.03990150161790318,0.3928258684328755
46,0.2819007744228268,0.8824152068042875,0.032635355414184164,0.4778885928370715,0.10704719923335637,0.6433900458198867
47,0.8005334131628699,0.6830632906771923,0.5340227907462758,0.5705622388574075,0.8743457395000824,0.5908836643418434
48,0.5710860972802995,0.6290251348759963,0.7137604522317118,0.9118114102626733,0.3205989878852743,0.865551799209096
49,0.07699899842878122,0.08838272492247667,0.31999588521166566,0.7563944031698174,0.7909242587247712,0.6515305320208868
50,0.8701635597088291,0.14011977474019732,0.8578604344256336,0.049381249666371585,0.33119269122423145,0.2863165971355307
51,0.0012832989431476038,0.015128151265608403,0.35975361605000444,0.04566963803778268,0.08519728068245203,0.7420495654430583
52,0.9558738073405002,0.3156851313786454,0.22242707144293605,0.8336941809826126,0.8098638374454858,0.5418434037922254
53,0.17793774678068708,0.022346388560895325,0.4736404333587436,0.8733847547779555,0.5322972643349839,0.11514652505929435
54,0.6965257547240683,0.36014204265573646,0.47772733625061026,0.45649824693347263,0.8306265685395586,0.6277662713227605
55,0.6498670488028392,0.7994481650149078,0.9328030821226926,0.4186315835261979,0.6267413725464084,0.5818307900864647
56,0.9327015244025522,0.05522790612118411,0.9529745594706438,0.6550707897244193,0.4437920883146895,0.2024571206644702
57,0.24542329905551608,0.659753952587894,0.11464646878861218,0.9198914241877859,0.8364546934323513,0.874979171385328
58,0.9062649916357469,0.7724413557180637,0.25777489667306486,0.38709411925374393,0.019169383812910556,0.8037716885275953
59,0.07816726990381706,0.3016556346754461,0.9170247965424061,0.5855098072379996,0.8745108662108981,0.3023061984913622
60,0.37712163846897273,0.8200960740538019,0.6594734612225404,0.6993098095743429,0.22494870565250613,0.2927068595982715
61,0.43453321392144273,0.6135820907891091,0.5940297794545784,0.44890141826193597,0.7497593929213218,0.7045394880345831
62,0.7640189350999106,0.009972587929445775,0.6305462073009769,0.6970651027622665,0.9248844727265506,0.24268622408456675
63,0.2469678532146966,0.5318329237675004,0.8908679506527556,0.27122714454769026,0.7411906387294882,0.09812571123936942
64,0.07122134262692381,0.7392272483498802,0.22783585528190298,0.7638998754334094,0.8704097328735774,0.4071772423953772
65,0.21402235362972333,0.17232427899309632,0.7068201922281926,0.25813058314082515,0.36897964689488494,0.49855132934256197
66,0.6290137854809941,0.0027196486900118444,0.08590883551744499,0.9796728420236803,0.4943439804623514,0.8152730928104394
67,0.8885616556072284,0.47556218915481374,0.3724296377829279,0.1402115931190604,0.6744556798285477,0.1821120580698986
68,0.4565337525625667,0.03562018014581769,0.03943939132673946,0.7333365839777157,0.8549181802613579,0.6201781033178548
69,0.4643412416437387,0.35336460507271705,0.07993837458289066,0.0790893238722079,0.44369847915205773,0.5602832468537502
70,0.21739054183657125,0.7202785880864394,0.5661274580656919,0.690874875153092,0.23984282953359481,0.7895188354957264
71,0.06340319813626916,0.8678902234114313,0.05470949021893734,0.6544688654779212,0.08098872417972047,0.6860282901328404
72,0.020909174637034122,0.7436209467703983,0.9158113077451856,0.32240182627974556,0.03996393890211525,0.4655235279575818
73,0.8607866563723137,0.9260020254368171,0.5260933060551002,0.9912954868302047,0.5031727865489762,0.46726138200792033
74,0.45036835786008556,0.06617410208460828,0.5163596773505437,0.25442188845847236,0.5686656091688309,0.07279897165393678
75,0.6182989897667713,0.4722062832494677,0.7730130232182129,0.12600139289392986,0.21686784560785677,0.30862787055113516
76,0.00024398274019654664,0.6622449160321874,0.3244622557575041,0.3716834774036547,0.2799132591481507,0.47602128402604216
77,0.13108165715633802,0.9345851920121039,0.7601700287467938,0.022199040024456718,0.629706445621117,0.7808495147771934
78,0.33635072636442853,0.7962746692387561,0.0296942386082798,0.4528716434914435,0.39101365709885694,0.950390710821346
79,0.22452588379218597,0.8096977072921693,0.23105020720566638,0.7506781162268685,0.035941764314819546,0.016674485775358683
80,0.9759623750755835,0.22008518524391896,0.8879975178830025,0.08733171622620717,0.5470513345814709,0.9347769081337103
81,0.8551013302422669,0.862875856575479,0.35575164593807107,0.49804843362156537,0.7656913420959678,0.624741096406922
82,0.5300951534456618,0.8429607075239612,0.07957838229616376,0.9185364538597962,0.4001300180816253,0.1811961733857601
83,0.22180525719956656,0.38000397945794484,0.39735565828810293,0.6053600260759309,0.2606343650597439,0.9972746594737469
84,0.656777654021459,0.2776577406637958,0.9973835121595457,0.11385749973672299,0.8435533794738255,0.9966107015804222
85,0.8388802315799441,0.36102901063372606,0.5300240609448502,0.6964280952697159,0.7897189317040585,0.38634181028310854
86,0.8088284398093764,0.2714940225036635,0.015782679744590022,0.07246075625601434,0.07852843921030428,0.9854699672113889
87,0.09531919050736137,0.5355985931129538,0.03341029516093286,0.6079555573596738,0.03832832257738583,0.1872777097831002
88,0.7155034102328565,0.7595360711156535,0.9227439260205924,0.70551176308615,0.6634123380154917,0.10961886824573375
89,0.29416792874195286,0.42248241846252366,0.22384164429537945,0.7187553425552045,0.05128481893264347,0.6810736701341256
90,0.33908504443451615,0.7811816087690425,0.03725630870104624,0.8772344088651246,0.03455045587382044,0.24495282059933066
91,0.37895735975598777,0.5716313563801777,0.36558248418342687,0.3967226040143711,0.8412154148436787,0.8725839396579561
92,0.6200713048188344,0.7840928025377949,0.8159076721503868,0.7432375745212121,0.7123076143603323,0.09364623468204958
93,0.45357878329771006,0.4140695615632275,0.18075374789315013,0.7459782890222559,0.45314328106440993,0.36000129700104677
94,0.022249139625398873,0.4311431267511622,0.8654263322894722,0.7077851989220384,0.9847709963299345,0.11755482538662798
95,0.19657586597359922,0.29439589993411097,0.40432657257888094,0.7664317835927099,0.5061532112983946,0.13778676838347315
96,0.268868707396558,0.8751707789631178,0.055273468639422285,0.36869664367029054,0.5520561205008753,0.06642446351621967
97,0.5591728869770969,0.4648390307053757,0.2249306401820791,0.3994578607473839,0.6136672025283868,0.6031220522673313
98,0.33205067275962485,0.44226399017546625,0.12759744964030406,0.6609059302606455,0.6394721715144528,0.4681928551808884
99,0.14197825829372368,0.38219074912914175,0.4878735273787269,0.6680522353243837,0.42500604528894315,0.2848548472668919
100,0.6506033677987573,0.6030012382924602,0.650702607884421,0.6758773301256972,0.34732441155133364,0.18869540771499105
101,0.08525865764404283,0.7385282372453958,0.4801527417516861,0.35740618729763673,0.16062941776497752,0.168896132389457
102,0.14309373434666317,0.4235880576043546,0.41010903876058113,0.9497898098048349,0.7981500037073302,0.569691648186175
103,0.5580450185871499,0.4649482753510945,0.3811352705938297,0.3718434602976307,0.845354178714283,0.5487641869423688
104,0.6162701494435051,0.5022990378957879,0.02460002157676311,0.7104665874837791,0.440878675935629,0.3461722791455458
105,0.9169713208525878,0.9327410349587572,0.33355433529089795,0.6261567934510406,0.34547581428114305,0.20303460579490795
106,0.797193248815668,0.5789710366075016,0.80503533218614,0.4468865690495267,0.8626505241051289,0.3510026089773538
107,0.6415326416385606,0.1977654765923368,0.1644652872757274,0.5156377595683993,0.26224173767769066,0.6754851558745167
108,0.09403732004728405,0.06540676504485554,0.3492351008559318,0.5850795412734117,0.5102655033406228,0.13783198825946708
109,0.6486742275419266,0.807785822579662,0.4525802909611376,0.41385380507079483,0.623771220851411,0.8803689125138757
110,0.8503535499334833,0.9501268361198209,0.5020534888133231,0.23328633211477934,0.3865765982788055,0.3086814592881071
111,0.196766335989504,0.04471056067795154,0.26092606420801767,0.4404216101803353,0.41497721082031247,0.0769069760082236
112,0.282527360595239,0.8637320589778565,0.8537038876620622,0.3570687373877326,0.061834519580084235,0.5258239512586461
113,0.8766104063112651,0.10447244813777645,0.7547027900646274,0.3858214956848339,0.9905934999120802,0.8924247289967315
114,0.49108434887168806,0.8720524220869127,0.4522257441622922,0.09357588785656146,0.5859974309937616,0.6885310969117541
115,0.27389572078473623,0.09348439476496961,0.6671189623933544,0.675473685008639,0.24415493498024188,0.10526216586737203
116,0.5993582213440648,0.7415356201031752,0.9627390986096832,0.10607487423609052,0.19509938892086942,0.46235618785237864
117,0.2861032294225012,0.9906117435047517,0.5706177322444828,0.4065274906455528,0.7114307521845377,0.13259668166028593
118,0.9413402174404261,0.0015282188059013713,0.5499514547571142,0.02940322435727505,0.23515147536666114,0.2813336105121008
119,0.33892509015059813,0.3683905451359444,0.7917540208305239,0.5283958707921494,0.3843312161471997,0.6858008147441798
120,0.16804650891375283,0.5185900995116647,0.08886944366526484,0.018689712642425138,0.005108554249186437,0.6745750850758536
121,0.35577776051962706,0.3636800119942768,0.8573314004433612,0.8386325366852082,0.7295977428808974,0.7199753312888381
122,0.5247667735417371,0.1673341884251246,0.3761049432258674,0.5848013398035611,0.93460817387215,0.0018472842271385348
123,0.2654800948527355,0.16836299239682584,0.18512883441603256,0.9679424440881732,0.5439815851531499,0.5049462762595726
124,0.9414284108555749,0.7395862730486177,0.6767908512885936,0.5230588959453992,0.7416038985308933,0.4200102363064846
125,0.6984586643519192,0.6228205781919884,0.9292792609708747,0.43100344207395513,0.9345174578924343,0.3318998049196902
126,0.05277847204417696,0.8116285398000689,0.3659667281872575,0.9643577893427695,0.043194997906796706,0.913211018133114
127,0.04334803897792716,0.038745556278611315,0.2544889837317751,0.05973547608567209,0.6788259320163585,0.60416616551772
128,0.5580368785892761,0.9042139937814556,0.9672017747928633,0.7185895082482425,0.8191389539541368,0.7498191441453486
129,0.5569284767034619,0.8905134278481277,0.08641143899595194,0.8182325492910626,0.4018400955430719,0.48897178253683116
130,0.741762127770565,0.850602892028116,0.725627510434694,0.44327002397088244,0.20655793931020727,0.3631681033983254
131,0.050958404438224525,0.649531465276456,0.5477428454618168,0.4871274433787458,0.4551139146351293,0.8830271242426355
132,0.8335424730895086,0.8367888228223469,0.827892368916793,0.17095340134043524,0.9856478868698564,0.30662098628557577
133,0.002329260391454091,0.04563774024004741,0.5423074625172998,0.9864547024454232,0.2631423387096724,0.2730092880447018
134,0.912750237123668,0.1704286151931258,0.2562031553462871,0.28435951906654633,0.44965868683745247,0.653193306179751
135,0.5321034946647483,0.8838459816455142,0.7290546028475271,0.23314476131892947,0.6305035259666688,0.07825559122578962
136,0.33298266030372503,0.8835981282408261,0.8101567178520455,0.4956761390937744,0.9132097274020516,0.10540463361797603
137,0.9606300090020635,0.5330473321439386,0.44075952905051285,0.395624623419896,0.8248142698752277,0.5652006499190254
138,0.6670294711117456,0.1319635965713355,0.25107260353867933,0.15744323237343927,0.1567843261220262,0.17556833489176882
139,0.4562885712129646,0.03080868921078017,0.6132871725950338,0.6787266095651238,0.996257047894561,0.18484346006593644
140,0.6034867520511289,0.5406917070748091,0.7078353288723612,0.664336666210929,0.12209131838447207,0.33215557554245856
141,0.9379145044265611,0.5102009879627214,0.8588912015098407,0.2986933059340151,0.8903695676365884,0.7066688661162378
142,0.6415883185009661,0.28759997333102005,0.928680444348951,0.6473818555755078,0.6396682869012713,0.8847831559986258
143,0.042843862628025975,0.5185319356881288,0.4640673879960554,0.9002610984346126,0.14542125512697301,0.23406926390266825
144,0.9460080950892956,0.01902537968982343,0.9346779757291616,0.161532138455302,0.8309237385047678,0.6491133150043877
145,0.30997754871688843,0.8021802394605507,0.880791446627326,0.9952621322759011,0.05961106441915032,0.8382563556301943
146,0.5806684321382162,0.375790755549789,0.3890233392693623,0.8249789632630635,0.8337897994822898,0.32457637758226743
147,0.8349767306326515,0.6977209370043775,0.48054819897267054,0.07623393540366774,0.19515164715832434,0.5168279915055046
148,0.8458762445078164,0.32076240726272476,0.07773803626147269,0.6475369000814085,0.3629994792215887,0.44126369144149136
149,0.16207448102353705,0.5576899664416548,0.04919905679205838,0.19272330416720007,0.18680124135279852,0.992099312860828
150,0.8534788714192253,0.24504386550439317,0.0008664438819847575,0.7289843369638649,0.28392506785815264,0.5396359481470875
151,0.3164166254525026,0.6654441771530414,0.37282091918683424,0.04632270916990844,0.2465668314095809,0.6469049408128101
152,0.8361346578907889,0.6182808115236512,0.8269423177549428,0.9293670610553514,0.6633235026308784,0.3363639421773914
153,0.20898932807950665,0.8386899209524911,0.044874198935869525,0.4580994109883002,0.15978145500764573,0.7750309546181453
154,0.7135105336905587,0.6119680049123007,0.33369990153467555,0.14326423442722136,0.9200925630072675,0.01824512773939757
155,0.034262765941091566,0.6344158164049823,0.1369448288241859,0.5808109138639965,0.5543348298309216,0.9577613386246617
156,0.4911281996427863,0.520662847067408,0.4598433368342575,0.7479399382348195,0.44678422301745935,0.18985888220087788
157,0.43309760957016685,0.344617165644425,0.46676247710982866,0.5186278321882742,0.5518363953996094,0.6201033127549666
158,0.6678625631607974,0.281145049417576,0.6608022222909132,0.16195936955700085,0.8235758614915006,0.740240750240301
159,0.3243341697181682,0.5474960731295665,0.6907965266313651,0.40724943270201863,0.4735343544609609,0.7472989017981772
160,0.44790292069849824,0.3418113722209746,0.0364334733520163,0.5460294466414243,0.7965502645659551,0.7859830481960169
161,0.11493364155191277,0.5224121964681603,0.16461439937012967,0.8109134381007013,0.32388158108488563,0.7704992731158216
162,0.3224158963739794,0.33707900009365954,0.7534978937682046,0.46013933746661995,0.7198711147544317,0.4502049181909078
163,0.012516400197581046,0.9917204596774423,0.7749257704512132,0.7247636401259556,0.3486513825363885,0.4406992823990371
164,0.688443792265659,0.1943714666411246,0.506587382582671,0.9464860080518952,0.7072507938664688,0.617297932162016
165,0.8566195814666281,0.24589081023375603,0.1303094814169139,0.4257446725567231,0.6262580735411485,0.028988979742148646
166,0.17867961286349088,0.9969036374816457,0.22062945003333168,0.1620456021704485,0.14449303059633423,0.2405016482346608
167,0.4428145471397359,0.8540668768199762,0.9883356896461076,0.009918758633365665,0.09503678472879462,0.7415713272182755
168,0.42853622247096257,0.4325065926602062,0.5565723947236598,0.5234668725812361,0.5405187221020772,0.8693182508556948
169,0.45524777355017454,0.03262518392642888,0.7342180091683165,0.4311522217522439,0.04977780498830642,0.7558192068267121
170,0.01736218045669924,0.03734390423861156,0.8872373970321014,0.32743094170709475,0.38919936817822476,0.1570171988598149
171,0.4973489341382874,0.08673796636821518,0.8606352827369441,0.7893994516877889,0.023142983626420977,0.1674674664397583
172,0.7825287895236098,0.9263803897280041,0.8327142864884609,0.02843203379261172,0.23948371748288555,0.3235072458233761
173,0.9663875458535225,0.410231847778428,0.37089296368721836,0.048269664702763726,0.9869766527248814,0.5165514222173564
174,0.3856279455605133,0.4905134047126034,0.1967400168067731,0.1384504850453233,0.1813416162258511,0.10117550456095148
175,0.04036546241092942,0.43191507163548093,0.5588549451658341,0.9327285287079734,0.10512697943598737,0.927517723005903
176,0.5814722253324399,0.7874786921205384,0.9816417360424905,0.24661547889925206,0.360228180757595,0.6388902997540443
177,0.46767657060313383,0.870169869617461,0.831530678269631,0.6749734186672753,0.9181855458922215,0.6266736300794963
178,0.3435289179250116,0.7295483332238349,0.8004616323093129,0.7751431873746717,0.7892575885103341,0.7772818817727885
179,0.3348801345546232,0.6985369246586842,0.5067536350523549,0.3065054589074191,0.38345452875997044,0.9131954687957132
180,0.9842446546917247,0.4160013837703498,0.697456685085229,0.44381210268225924,0.24130846423279018,0.18944023928843945
181,0.8533272735530865,0.11071392914119915,0.4995191695166359,0.7147790374029354,0.6197036919370795,0.294233799296319
182,0.9770077510848854,0.9027748644763703,0.7674956072626987,0.15051161384751732,0.026593242840784237,0.13189690643607188
183,0.21159349777825054,0.05393036360912784,0.7873938540655193,0.6409031245648646,0.09334069462042127,0.851747664876236
184,0.9041380065806021,0.3180060003516051,0.6251408367053254,0.13884202726579797,0.6634978549243664,0.6804336544800896
185,0.5118308385536104,0.9402537980810985,0.23305999344120876,0.1635468708449649,0.38921517177299936,0.23182577973219254
186,0.8812864811894207,0.9152376550580203,0.04174564348488152,0.4489644686575137,0.3519449297130598,0.28016137113901707
187,0.18836256177363842,0.09093988516987828,0.7718713283545401,0.05151024331453491,0.059479155278922,0.9688359509939036
188,0.9251129326775854,0.958271852108338,0.5949070431415099,0.6147743440200372,0.2037291622369538,0.4367133974613264
189,0.020675530902705574,0.5197522693144425,0.5021052103264563,0.2859469841905501,0.9759575080503814,0.25313914553421957
190,0.09099005473408617,0.8460323421546696,0.1360957807364488,0.9341712114543236,0.7628236449678114,0.6671100005226728
191,0.22066343517343212,0.9401041908645297,0.2463117980453713,0.9394905098230277,0.7661216192003009,0.4096798827820657
192,0.7028585479235664,0.19471937165960762,0.45186409065053734,0.7961298187967961,0.2919172162640623,0.5826046810976673
193,0.02000772914800597,0.6620369679281145,0.8696512486279219,0.3680959828484076,0.7240513442642871,0.9455173161608836
194,0.09927678330631395,0.6504397328680649,0.4869248047313638,0.4674423833974565,0.5617466128631441,0.7407971943075379
195,0.8504557059547287,0.30291803106145265,0.5030779061664513,0.4951169594228588,0.8560944126448901,0.8727240423821042
196,0.8550769389824979,0.04913720672086164,0.5205213174113068,0.4179956277870427,0.16893514904076157,0.1739672808548529
197,0.6691446987714001,0.445440976822726,0.1461745006331724,0.6077038063005519,0.9719325671702901,0.9846355288422237
198,0.05077654310823165,0.3251962253432972,0.3497044454951428,0.4930615409574546,0.572001157090322,0.6811794082308872
199,0.3425297209879534,0.8525488246692658,0.2461756735186419,0.5666055917150178,0.30582182101249666,0.5484300225872832
200,0.5823898696826647,0.13455313700013538,0.2561153933047601,0.022429968420489055,0.325565769738542,0.4362723423257404
201,0.44062429544970205,0.6023760756144512,0.5952059290136149,0.38164293496076307,0.09830021812119405,0.6900140695830277
202,0.2440935368303916,0.5234734313106003,0.7924455413097985,0.7782827868419052,0.8026989469944353,0.9235875425545403
203,0.23249570967840705,0.23602201540731582,0.4788656280862502,0.42407450105255806,0.6497611529885712,0.9361806928219529
204,0.582581996657968,0.3190775551196211,0.39977246177021686,0.259390450110222,0.5666679223062361,0.2308678971235073
205,0.6355825412319542,0.6503593832183778,0.6860864585467896,0.7637879125161398,0.8900887959495811,0.47722501456306177
206,0.7190802895615729,0.8724092829488315,0.15974141799250807,0.6343127554741673,0.44377307581079395,0.8976015200524139
207,0.5105727732905421,0.7773501099441366,0.6564842313574615,0.5707881835335052,0.04247348160208164,0.7369416440645127
208,0.49868339610832246,0.1686263040133249,0.8530429008960377,0.43951856741587714,0.9689347444850137,0.1768272782102337
209,0.2908287777864812,0.69577173703345,0.27218294493943096,0.3517941392480505,0.4035707214503035,0.17916466058213043
210,0.2237279980835506,0.5625336504455866,0.4918890389732832,0.917949780804931,0.02752269410984265,0.7469569293122601
211,0.7225492924031806,0.44178930472888167,0.9730345485448265,0.5734244097880591,0.22076607610463928,0.4663253104517201
212,0.25472144959054643,0.2743243341720365,0.7054621409810774,0.6228470224081938,0.4353516481984232,0.14174996206918777
213,0.8188543427581351,0.964868122166391,0.014538304247838862,0.8765019338737255,0.7444827070440482,0.19858743528014433
214,0.001751085245747519,0.9081079575371032,0.9173332922087792,0.2677755779596953,0.2735607468298463,0.2742047339911414
215,0.02502774084734627,0.3192802030633134,0.14210307797873312,0.3037993906341441,0.7434718079652518,0.3451894182518045
216,0.952943533499786,0.8135539992481214,0.3886366612775628,0.7827084567945326,0.7181867885972538,0.032283968550335995
217,0.47502589788461125,0.10615187165308071,0.40749544171323504,0.12571095629239992,0.3286345692042316,0.5995181208183057
218,0.9398465156691546,0.5412838329037677,0.9076747270343858,0.43327484241991354,0.056073096483439056,0.3172811905201499
219,0.2619731480338494,0.7468288113666993,0.6118939057379725,0.723918316468954,0.10407644488302259,0.6813800085973077
220,0.37539643082831675,0.5291257396778354,0.20229320318678612,0.7794927244946548,0.14055530584306364,0.9139632580055401
221,0.1365404268121615,0.8826642535483887,0.23769860214633032,0.013766426018103295,0.5856277650432581,0.6220950857081837
222,0.45331604048480356,0.4893774964341402,0.8801451111591828,0.5907522011657859,0.2831891819644251,0.965468110868287
223,0.7425908307494858,0.06389893115768164,0.9462701636123837,0.4110993541469583,0.9730189140450665,0.3957657820614825
224,0.4940493659624946,0.6717199321455667,0.10818595714720025,0.18818574537893362,0.5879976195344785,0.1984844849313676
225,0.2041537705242512,0.645713665909705,0.8419017830813581,0.14299485748885088,0.5172272923989939,0.42235143552558396
226,0.3994390820430408,0.12589173747784366,0.18117292127538043,0.014392798722923539,0.7590325148084064,0.15822316131739367
227,0.4852585087853898,0.191245966237792,0.1854264855162886,0.9940834109494052,0.9721005067556001,0.7805458177991587
228,0.9989856068067431,0.6252975483333534,0.14969844559594847,0.8911506274440961,0.6072424788504112,0.33074147100130313
229,0.2559061998825781,0.07147242435661272,0.7905892515918893,0.06780699105560484,0.9854314711740714,0.507543895824246
230,0.6570361512788363,0.7900324240077626,0.4241498729969174,0.16947326238042126,0.16540682784273275,0.20534790517487145
231,0.7534044552219072,0.8730422558718685,0.13047874811555116,0.31272859289984434,0.34764866573017517,0.1777691266733301
232,0.17198573631320302,0.9852330873076326,0.8540394562308625,0.42155950054019065,0.5186938664922468,0.24341273021876042
233,0.5534479803052773,0.4408294622861374,0.7663220166407895,0.025409201562981654,0.35620920588918914,0.8681242701895092
234,0.5976423476706244,0.32851799424674677,0.13067359918667187,0.014726895908035331,0.7114457850926137,0.9887374586338388
235,0.8825804893599384,0.9307866788292667,0.1477333144947358,0.3022061553112947,0.7889204966255576,0.9861006389984388
236,0.0887349276028152,0.6675911458814355,0.522553229996022,0.4194874619691318,0.37343921060643004,0.6572217167060246
237,0.09287887728148492,0.8352349884370824,0.8984966890025321,0.04636378691242604,0.44484955877266474,0.5938330043983927
238,0.20111995228712198,0.0253787825907551,0.14471007400905422,0.9066050717059188,0.17862889258628123,0.9369983841679773
239,0.422856609832736,0.7650100701267458,0.485392457444355,0.09779088087589538,0.2802350171040159,0.8076349175825236
240,0.32110871547028896,0.39013563100505755,0.9551844863711336,0.7909898791384505,0.748034603857423,0.9767227224086944
241,0.6536244967653205,0.9375281131573603,0.8669704095319017,0.5512099635623322,0.1433265665693424,0.2528366971459729
242,0.9568038799668439,0.7192676735881246,0.7052864358362771,0.8957481433726048,0.04680563849818686,0.37542655818035997
243,0.49988084308599967,0.7916436396034925,0.3382763879281194,0.08795489917399224,0.8952117220699986,0.6429355495928235
244,0.1474817701389023,0.3117905460875722,0.6130879327972643,0.0824193049386085,0.45078051828120425,0.20067265572422488
245,0.8354016787884081,0.47458365517288026,0.017893401563871758,0.31243994459795965,0.3787688174864867,0.14510424169152092
246,0.09793791726561007,0.556017707899584,0.3880603072563453,0.3020827454777232,0.9156675301335202,0.5335739312512731
247,0.8802040295126045,0.5715019296582532,0.2531235950519747,0.5126433551817576,0.663176559299545,0.11857600674339308
248,0.31297103403705495,0.4794678535464869,0.7649196141728402,0.05650474704738517,0.5524544986477214,0.8733467907295214
249,0.6515811220604568,0.6139565192698881,0.1533420114094336,0.7887136064383898,0.7140154668086471,0.655268774232238
250,0.13083431970777837,0.020632146174020205,0.04385758268519113,0.6855010520387826,0.16803594715083592,0.3467133739781705
251,0.4981874631001594,0.19832300906648992,0.6644422460605823,0.2606801750914547,0.9509515075851599,0.19912202331681828
252,0.0353046667331981,0.9548031464050049,0.13994689210341693,0.5827414459443032,0.261346542510539,0.5288101666273435
253,0.4107783499904437,0.4262023661886082,0.42196243661298094,0.869055721521445,0.6784529616458685,0.34962120608576663
254,0.04054093114182966,0.7153542937647295,0.7670262086733244,0.7382116539774313,0.36289720822974114,0.4421199346395508
255,0.6959631444542063,0.8005669327536357,0.3517623113362853,0.13332186934923074,0.2979584211011549,0.772942894858315
256,0.6401991481220054,0.6212779320068577,0.29091743107344503,0.7984762262339975,0.9307054714831403,0.9204423359559629
257,0.988454581594724,0.9306356362230906,0.33944227595234844,0.7011004116027223,0.5226857541092533,0.005169948455922779
258,0.9057565906436172,0.6901462369138085,0.2827867157243066,0.40502000144248074,0.06937609668223144,0.5809062968631682
259,0.37977600512377985,0.7336157880069066,0.421000546689548,0.06790615692444968,0.5719336438867788,0.5523318471834321
260,0.06876163559415249,0.28324733398343116,0.0032723985938593048,0.541305091520207,0.3324136499487337,0.04288961370980848
261,0.8645769340613952,0.8142202209530475,0.3668157141888754,0.5301556686583144,0.8640963315912065,0.5168671111198339
262,0.36935126355702874,0.15288653372837324,0.21313594880653242,0.3625164855800379,0.012510833842901303,0.48520897912173
263,0.08824047303058857,0.7591722859924313,0.19897503999582355,0.3938660567532075,0.15298821801618046,0.6324399465029023
264,0.9448347433296694,0.35299444233147126,0.3008235116492135,0.6808900158092583,0.34559240050879747,0.9831062999526746
265,0.11289929732276405,0.8607794929269496,0.896804198560029,0.11016635651253381,0.4954217374169243,0.2989941410363226
266,0.7443766201633446,0.6448486077954755,0.34341320801693576,0.024573119631685847,0.26603846460094516,0.8633370655220904
267,0.31552485597044533,0.46116038397718684,0.027825962640176893,0.9590469051629341,0.9052768205686428,0.7954439772174884
268,0.30061047009790076,0.6666594423217275,0.3209823449305166,0.975755559898526,0.4522558315982911,0.09699622199313118
269,0.3535293678701814,0.2519385475834359,0.4699363448486069,0.3201883741679876,0.004498573764239233,0.27265679372638674
270,0.8636432023738411,0.718475824057902,0.10564003888625384,0.6279385443086649,0.47042825131885224,0.26021700764385847
271,0.009795990332837845,0.9516261817443329,0.8939698373675875,0.2165013985867703,0.7713738639741549,0.14118259709125025
272,0.03519093455579403,0.903493894407913,0.6016484506063866,0.050806019872971175,0.10548214992683513,0.7434970916459437
273,0.17305903020669366,0.941156008942622,0.8056699659826986,0.2720689289221748,0.651449397147254,0.15272709053067268
274,0.5873476580810373,0.08058082557530544,0.3463236731178291,0.28107268624888493,0.9929580622190607,0.6871786596991807
275,0.012840658647918834,0.39599746276872383,0.7248455383660802,0.5189436964068159,0.9100891923154053,0.6148590337301673
276,0.31403690416448327,0.5842763913789821,0.3007182401953027,0.30595043706095904,0.7610400471942059,0.2876790039811917
277,0.35156925263165884,0.591334711857101,0.09852061022755643,0.5420357981926014,0.09376508266640715,0.5859891879157539
278,0.6104007477844026,0.10228714796620753,0.6197111535685709,0.9248466559860923,0.6975076315363471,0.5491045707352152
279,0.22785768960567487,0.002038077836154062,0.5433364796843226,0.26206688970136005,0.9952013651500451,0.4697769241190338
280,0.8864471817287327,0.26523547154606475,0.9205841718270368,0.8212472593424585,0.019408735105576835,0.5132996435186943
281,0.43859878940866137,0.752871263024451,0.2404673566392903,0.6338750805099643,0.6187920024168542,0.4243864124100053
282,0.2741267066370182,0.7514572590499426,0.811658308196377,0.184473374770173,0.6899923907101959,0.3510442407358353
283,0.19769556928481713,0.6437146412423698,0.7954259668550745,0.9972192425133698,0.6952444777137631,0.5139715001091164
284,0.06264308366632376,0.2567905190151174,0.45754378605727763,0.24077827975362465,0.552038849012662,0.35390449392188794
285,0.3310604287518343,0.4064320018765686,0.5224197816066596,0.7204077237340178,0.9604152668537373,0.484216367539439
286,0.17003386459536207,0.34449852979880136,0.7594323568282999,0.9546637061547724,0.6202337094185366,0.05617396890039639
287,0.2965928609600328,0.16450598926627047,0.38363560233735794,0.7953693907124045,0.5697156924517774,0.7646559496641718
288,0.630331416338894,0.32617686212599917,0.7964970071706848,0.23258301871149012,0.2477131989327972,0.8675765519625912
289,0.7467777313968091,0.5007454053566011,0.26164672612464357,0.2052268740710803,0.9047980330786984,0.04178151040610101
290,0.291892688029991,0.3094146357702684,0.6905966548899363,0.3348353738002534,0.6823765394381094,0.882987527090672
291,0.027930537633822028,0.22084256229646482,0.9457390722650888,0.4629162277331522,0.3750366333770514,0.010810906152685873
292,0.7705392171138294,0.06688546605303203,0.4780399482161872,0.806085381412468,0.5174209199549799,0.8246222293761696
293,0.03585702012401648,0.7512882521234046,0.6861900481308274,0.6673041997507936,0.8183139818572354,0.3843406601243411
294,0.7229131999073286,0.5551962070488076,0.9018890571970564,0.5031013133131756,0.6208406258836853,0.871092700146758
295,0.7742636342290854,0.20279333716697745,0.3599621415146437,0.8523763843618336,0.8122732350228469,0.22541262304977416
296,0.02737879123344511,0.4814576298559904,0.8800486351681509,0.0027330196931318884,0.3550781668555365,0.7676103630994784
297,0.7755608285111604,0.0029587860777129382,0.8836706345647105,0.034136767111443866,0.5669244393290149,0.8585187911317393
298,0.505603081454803,0.5204856554975671,0.8195068459195802,0.016242000663260536,0.5527116831654028,0.6790949327049444
299,0.09435908286948147,0.7663027337779676,0.9354290499928555,0.6729385321283926,0.5346717072496178,0.6481557671317729
300,0.7684842515236185,0.027389125713526585,0.9226992441479568,0.7458001784199745,0.668490171539747,0.4439650924769052
301,0.11043557680790095,0.8753666113443881,0.09099787398225245,0.23760739484687365,0.4496270108178586,0.9270700862733771
302,0.007825724772424936,0.6230856537052564,0.42942513029043605,0.9478436724682837,0.303687769700295,0.08110665545973872
303,0.024223597255794926,0.9216836153600267,0.49916820100909265,0.9304752817166744,0.7282558120300061,0.7503570325640788
304,0.20489700038145697,0.28230496357049684,0.9496151489708101,0.31375596613319734,0.6250438578400859,0.08107928381850893
305,0.3526960509391699,0.3924113359334057,0.412530276444281,0.5408120153853349,0.8000589451405435,0.19002956978643604
306,0.18414257335604556,0.9104802337653757,0.35650335834173863,0.014177984793833254,0.46384008457924486,0.45132621128483874
307,0.7840832196076606,0.3338468494949409,0.99436780674072,0.948276191109093,0.4201799887255301,0.6000431829486449
308,0.42799470923293825,0.10114830875633929,0.2556917767563943,0.3930802346321849,0.6439409222648305,0.8942294634601633
309,0.6564824326503508,0.0620779291692769,0.659939963830226,0.9854092561538681,0.6788042395166392,0.5921966259642459
310,0.16548316172658684,0.7910329167215903,0.9923099417451157,0.3046441434280437,0.6291579241445773,0.688337542015189
311,0.045443626256502,0.21951832827190043,0.6055038103478332,0.49512461398545626,0.10807217952352133,0.33943457234129837
312,0.5282369777642351,0.7857856743175095,0.55449594655894,0.9601243845491504,0.5794367085259243,0.995818313348566
313,0.06460697841480723,0.16245118418831372,0.8942378197630497,0.7136290945709038,0.8460911061186315,0.2189901485793413
314,0.12416026770969879,0.6962051303396679,0.7303137473675492,0.07282675529492755,0.4178832886452333,0.1485230058920074
315,0.9120470841686539,0.7834636514845085,0.6783255403934753,0.7429378956975234,0.4654706416986645,0.31294109782769153
316,0.519631413826766,0.276341475198734,0.2860212695849146,0.9366840029040702,0.09169291448115069,0.9530490220731747
317,0.32947922468172597,0.2824125905287682,0.8070222201876455,0.8400303899507701,0.3521553633336656,0.7991292980210032
318,0.845246185769529,0.09683327632868466,0.017712426703081263,0.24929402468079154,0.6766904404350633,0.7161357380126259
319,0.7631480180958194,0.8645174668402593,0.786819739606257,0.7447454038293313,0.5148467057097593,0.49019492030592215
320,0.15588078367577907,0.8292135083542641,0.3326829071085823,0.41554159448931927,0.5359436177363356,0.5039075471194824
321,0.8437867397235707,0.2376371689398129,0.3994128043299622,0.27570369686258533,0.5032368554296642,0.9049427819742922
322,0.5886603323873083,0.0006227998279856317,0.029786708031487974,0.966936051386988,0.7336206335044325,0.6634496745988896
323,0.7413586447107484,0.932426514069161,0.69094600505827,0.5105810534758591,0.7658298878038167,0.8273780363319224
324,0.026899749932029482,0.45380854174619845,0.4265497236182997,0.543280437647641,0.44117303623449566,0.25534900344522726
325,0.6724632823263015,0.10490564766350419,0.4419771873459696,0.5118984421683329,0.2737450997974228,0.45308829612690227
326,0.3175602444161145,0.6899503466962474,0.8771410447822319,0.7574661935606262,0.46550644666555707,0.5933253907059524
327,0.029015458964516627,0.6953286292894775,0.07417860545058996,0.8179933484403635,0.20344329144740625,0.7155526200436637
328,0.6466197419734097,0.6521226991545341,0.5763599791776843,0.29209453805509766,0.35139734631217756,0.0731758007626494
329,0.1543967689139768,0.24905376557361203,0.3588370133732891,0.560772904593046,0.9928561198432372,0.5898484848470213
330,0.014750224670352252,0.3534343921543195,0.018951632770406235,0.17836591002450242,0.9805741513583092,0.625038061649372
331,0.10087056567153885,0.9513872038195534,0.11377647849457917,0.3253068881772134,0.7425136230412299,0.5881936623521928
332,0.09825684201497753,0.25612387865232056,0.3740963548426991,0.10643406109580766,0.9721665439198728,0.21291366344476736
333,0.7705678356832919,0.14221995038872126,0.34809090146140287,0.9069723624051308,0.23926821461617853,0.442973232751528
334,0.803149296121363,0.0638725046587647,0.8447876850232096,0.8914248233492044,0.0928138522004881,0.09348528986718385
335,0.6872669117485852,0.16621296388019768,0.6291705396334906,0.9686869685652618,0.6790651028307632,0.6095011418867693
336,0.19301227896958173,0.05533105191888177,0.6824843641493304,0.34454175208514515,0.9547176727226082,0.4547680704343191
337,0.9537436467384883,0.8024823682522745,0.06424435859483113,0.14097873401206074,0.956930433301124,0.749623831688684
338,0.19024143751321143,0.6391679792693821,0.7977178929240227,0.4439289629698392,0.48715609069814414,0.0015142796866317587
339,0.21255001024971887,0.8832253499287923,0.4063209660595086,0.24804290341572022,0.061028688553908306,0.12948234093555355
340,0.2428135352618237,0.16030324524975303,0.5368426091552456,0.7868189538236334,0.1356706286710504,0.9167005592495725
341,0.8445445922544582,0.8591267283911409,0.3830549162396152,0.45410159070212985,0.4609230157446689,0.9582467189423326
342,0.478754691150463,0.7361955728631777,0.8704153230040541,0.459878976107049,0.5860655405534181,0.6146414535828257
343,0.18978959745427404,0.474813155358788,0.00957251282908722,0.040815500813005,0.493304624221364,0.7725877127646972
344,0.337583886929698,0.36149668514599753,0.8617682235488314,0.16851597229737436,0.08067672594208919,0.7675518391595044
345,0.7386325102109996,0.45247751633490363,0.4763415649470987,0.11045682553020508,0.010305187288435103,0.8154199628004205
346,0.26012017624467465,0.6374126504649936,0.9368449249699476,0.6622013838657352,0.5261470776431724,0.2418543153490852
347,0.14116352463486004,0.47901129931311737,0.35706820374477555,0.7864445095979402,0.6676225694336366,0.570044767616958
348,0.26413355586367204,0.039775504166081,0.8005074423467049,0.2572366703247083,0.30073339728468906,0.6059013479404469
349,0.7940340834286784,0.7103717382517125,0.4899558573798758,0.005030495392885803,0.027669315569916142,0.9790393282640653
350,0.611371642461747,0.36934973365192914,0.16454744625548345,0.44464454167932166,0.884929474066654,0.28929750573053714
351,0.02209181643357261,0.4680717555064564,0.46793258871060806,0.007289232905032361,0.40467329168727595,0.6889217363969133
352,0.038674516483462096,0.22389357449315572,0.7861698986497908,0.6662611802566186,0.6126196900640059,0.2435780861686847
353,0.01910362670861332,0.22152680152457283,0.3610543005519963,0.9351079010564561,0.6594622145618234,0.10426741271748297
354,0.39131639718100253,0.3008454867427861,0.3647201101954548,0.7056948503272027,0.8449242715190505,0.5421959291425629
355,0.20519772918819312,0.12335078396560917,0.37953538840678425,0.4908567501944947,0.29979259931170177,0.2385599682963977
356,0.07631848302953581,0.055831794920302324,0.9998083332281081,0.11092743981690367,0.21607827528918544,0.6352403932066742
357,0.644610408278246,0.675298146131505,0.12064967355082057,0.3376098818109605,0.6083115668982919,0.0808566807890887
358,0.6416746460861223,0.6733907516726737,0.5731912315328463,0.5470488534691973,0.9838244056151763,0.40052509758604216
359,0.11816047598108026,0.7872696453501825,0.8962186680065859,0.38955073011384633,0.8284847385868335,0.7249788922125574
360,0.5536145333754694,0.29797440936507635,0.4856133396011991,0.9886953892981744,0.2757735244823126,0.49667362023218753
361,0.8040182652329693,0.39901862880406436,0.886587165570048,0.6461834303215698,0.02100914900882922,0.6333818860495112
362,0.3044972453693835,0.8221466242067915,0.6550824456121033,0.03358463776727183,0.005564006176296266,0.7302382097294531
363,0.11641996658551501,0.9752687775588905,0.17621486275817455,0.45223298105546494,0.2811987042190025,0.34380079659713214
364,0.4803836395953034,0.4638042430912974,0.6442077155098371,0.0689218343387269,0.9375203411376359,0.9242928863460598
365,0.6856301240528855,0.5239255480052606,0.08279617779585469,0.8844140272100034,0.8471124299107203,0.5941182785435004
366,0.03821775597205068,0.09079515364459823,0.217759520964122,0.2171925177360935,0.967193565965837,0.05194913884530805
367,0.8584520914055799,0.9134181051625482,0.26837795636676376,0.9385367793263096,0.7853134333959736,0.8381501905125844
368,0.021973082958798518,0.913176006784826,0.21054788788329803,0.20464430523100374,0.32031964407511115,0.8503292402050758
369,0.03551022185956443,0.9356083794113239,0.17378105724296788,0.1633607328997424,0.5026211490851606,0.8747274128970866
370,0.5894446437957626,0.8830307927721314,0.5483208746057806,0.16996778165266113,0.5034005071806502,0.6367556251428089
371,0.12600929327398713,0.8151942992651927,0.7150043920548902,0.8485374282623999,0.6206688923206446,0.41396107604803556
372,0.19383443633287134,0.8284374901166932,0.1008246784175364,0.8887959058540499,0.20305897255968142,0.9290434663746416
373,0.2847584879242271,0.8549486331036337,0.3605477281238958,0.8969652053505032,0.42868272049404077,0.747045205532398
374,0.49779573980726677,0.3429132351667711,0.5019619755871464,0.7868195614752639,0.4278111996470546,0.5136599978185435
375,0.7777080572016575,0.9951737962119684,0.16412380814440142,0.6306542742490759,0.9098098337618832,0.31640018567576866
376,0.08036556981099263,0.044324697022861015,0.9946902690303554,0.11659077795606776,0.30411797880496116,0.29304887209924135
377,0.09894229553594347,0.44092577557964574,0.4674958467940298,0.7500850788742359,0.2890109050994014,0.406747741963975
378,0.8665528867097299,0.1483346780563135,0.839576379052542,0.8108320359396287,0.8638600419653806,0.7204514119222696
379,0.22610128662031792,0.28299810852472407,0.17932259722593236,0.8702548006720373,0.9287338137162279,0.7515787679684249
380,0.5801355048909818,0.027546040047283116,0.2528477160460627,0.2953973730394529,0.66289565910991,0.11063265071679174
381,0.30769943490940976,0.8136038709932782,0.19965167806630058,0.3252906848850995,0.8583831704459861,0.5644743313131997
382,0.6078664118567798,0.38616087731429305,0.33436683784615606,0.7671039416222515,0.3954550032431424,0.795293599364797
383,0.46090668796425327,0.5024514866780659,0.7527854543411255,0.11600167414265417,0.26956744958442835,0.20874440373696423
384,0.37769991822912263,0.3869457540916107,0.2906535842979677,0.3124249285353897,0.01216295481650509,0.8208399050141137
385,0.5799796211678923,0.6872065530491807,0.785410981567051,0.9671264471793687,0.16023423395886982,0.4378535823520304
386,0.6771473946145095,0.027800204322591004,0.1627221768632311,0.6338662477227587,0.033387810974044196,0.9556646869425088
387,0.5296007143549476,0.08343958957997655,0.41347921736382254,0.3402595586901611,0.9643906011216958,0.48126206140430083
388,0.49310985732842694,0.7241661446137706,0.5478860317068636,0.6400243248197355,0.9814373627713137,0.13545081444192264
389,0.8922009498750851,0.6477187798795571,0.814259474192746,0.15717325944775806,0.8731149498680054,0.7209825897596195
390,0.39837425930810133,0.7748560861504895,0.4907313680391875,0.9481497303761525,0.08412882594640403,0.8742765162536184
391,0.5468999459765007,0.9420438816683093,0.9882832599400061,0.6455545410244191,0.9427599392217152,0.08450397580319435
392,0.8035227622116954,0.9635306380748128,0.18941088189640853,0.40882727312342504,0.7586112115025494,0.6824926556754083
393,0.8014480427280661,0.9025867926325566,0.08585607761550595,0.7474232125924517,0.3228455705736425,0.7568106609487623
394,0.0277031578098218,0.14977456129498024,0.9329782133058724,0.02127951971608355,0.34684303455947985,0.37989056215854156
395,0.6956793196488452,0.8149780679073977,0.48986390962126625,0.9887052691773803,0.3075245669822628,0.4477064509994686
396,0.9136601164213067,0.029616939474331305,0.2857350932949284,0.8829477783568223,0.32137940763041783,0.15351841304116565
397,0.05977023178137708,0.4088554641709088,0.44345400163677007,0.3048208314659586,0.26917820668777737,0.6841413927146254
398,0.0018346257331989246,0.45750974013706036,0.5800025329793819,0.5803655772644349,0.3175720844213976,0.29702765470648396
399,0.11131550081154273,0.8216729554457456,0.7210057434963514,0.13537081495300973,0.37873724112287666,0.32991708503067896
400,0.419928315931415,0.263992244016512,0.8724104231596929,0.4826753848504671,0.13865732169598866,0.6513457479127626
401,0.2455331413395525,0.6640499550646958,0.7522153562036319,0.9191522690266419,0.7111387331269633,0.2406930043706036
402,0.7140257992708432,0.5411819483131179,0.5069459275920682,0.4064126719756751,0.5292489071116179,0.34766922277150747
403,0.6807175104005734,0.23840403175231306,0.1774543317856222,0.9470002400935758,0.18741531760241903,0.6911417277159412
404,0.8096745277520648,0.10052931534837672,0.1893121305114922,0.3140022958463341,0.9014715262732657,0.5308799054080304
405,0.05840080581178031,0.004879026149871901,0.8067150720576366,0.6963292543753108,0.8244092558086007,0.4399841355286713
406,0.38472213983620485,0.5802545611157748,0.6126142051329324,0.9354751334321968,0.4553824886404475,0.8503688282585352
407,0.9444361895586001,0.8455796866101604,0.05894045767916378,0.4832575565885302,0.3242811041499368,0.11627044814247933
408,0.1373400361465461,0.7511839831119076,0.859268039705781,0.802915478182102,0.814167887532178,0.908319884361795
409,0.6563547370375545,0.25995498671604633,0.668693898084764,0.26916502837710077,0.9909492316648436,0.5226969785036465
410,0.9689214931115174,0.25660102915085825,0.12115635389460644,0.9266946614710148,0.9783752010058757,0.368667599155142
411,0.20807118953732662,0.32075155469423566,0.4339036654836582,0.01635304353411071,0.16378701321507705,0.19627176053624684
412,0.857609281748941,0.11669838013173117,0.06435391455796513,0.8227785234058641,0.015494202225519671,0.9975812853844263
413,0.0798794976103393,0.06617610630591697,0.07205036033238277,0.7349398427374532,0.4294958828802433,0.06843903824320208
414,0.5134067383386606,0.5945662167035217,0.810917626782221,0.9739053277702446,0.04690402573362429,0.5341182568763065
415,0.4373852625658289,0.5566988219490462,0.6125125510306909,0.6344261018482941,0.4095229533629714,0.5774497550944085
416,0.4981113720602227,0.4813037015490478,0.5851389179322578,0.47171120757755414,0.9504509454089513,0.3743921910289587
417,0.8965182544960256,0.4260141256099974,0.809158794872197,0.41533249376809867,0.5625222642347687,0.6105635604128641
418,0.6301735338176077,0.3538327106194389,0.6445375829819237,0.1034823641686543,0.19148145562809982,0.23394026469519213
419,0.5898114459659525,0.6904188847848091,0.30963015288618423,0.31956687632372793,0.5152619549647157,0.25980608854159515
420,0.4363276852891729,0.7169998025847703,0.5922587703038641,0.9908444704133309,0.7080304875069949,0.2500172088639443
421,0.0022995121248498007,0.8094775466643684,0.506698801675857,0.2062193561834239,0.9753061531663924,0.8753970337741266
422,0.31679569789717343,0.17938604131037417,0.8723217969626645,0.9012912635228666,0.8006436703172871,0.6637052098626777
423,0.35138826827879743,0.6261511433397324,0.5965539270434722,0.957083050775309,0.741452237834166,0.7106432853837952
424,0.5854152284355197,0.8932254591068413,0.9234634993472366,0.8044972953251796,0.2295701364502435,0.43228919658221143
425,0.48289370983117874,0.2870013674553754,0.5616821618782519,0.47278849010938473,0.9702350230679593,0.942743281827225
426,0.3721821666272074,0.34733545065273175,0.36360702991145255,0.4894216659545616,0.8413743258159144,0.2803791755749899
427,0.7723030320722944,0.8921839903787132,0.9191036572314177,0.7258636788592029,0.5790044199300636,0.41834584930724494
428,0.31557012129207573,0.31044373495236777,0.6013029392465213,0.9784480560651522,0.06279491327096298,0.8549142633576801
429,0.5615312749444444,0.11529319695138385,0.5591391306876281,0.7398054100206797,0.14670737592060146,0.6670437517340755
430,0.14068669544644463,0.8143418664348477,0.17751494854598282,0.3560237448846957,0.6859764574907629,0.768233412331557
431,0.6867913753931854,0.805395525404672,0.10071702391700244,0.36696920395479804,0.8893513844418978,0.10318689861892172
432,0.6186658938149324,0.45379656990875894,0.3731572192091466,0.9238644146291933,0.712135080721359,0.7168770216655007
433,0.5490523727946384,0.7442007930711712,0.8497604490384972,0.8580789327907545,0.8938206965091602,0.45780632727536885
434,0.012031256542405555,0.4822963406788856,0.6266416956312963,0.8836578451178969,0.40028801972825956,0.7133570027121411
435,0.43333362265053854,0.5312271563686185,0.08040124666483017,0.7249902502567428,0.28034610002137306,0.6894084970858683
436,0.020951700198886924,0.9233402600420956,0.5596993464034986,0.4557617690664406,0.5581024261430464,0.4915298873331977
437,0.07067494421022069,0.26908753985633316,0.1495733564270456,0.7969762120020479,0.6935488322204307,0.5931551774881874
438,0.9301493686838775,0.9029101982022718,0.939058020866864,0.9491999120960135,0.7077028616486388,0.5116729092227644
439,0.3914898177312657,0.2597222399005161,0.847697604782758,0.9673092808513098,0.2256896812245639,0.6890793689922283
440,0.6759897638375889,0.03248664770892884,0.3431016187109006,0.36070335358512284,0.6010124719090112,0.5596643858869891
441,0.9767703459547306,0.16876832147885323,0.4716298563025263,0.14418182339653096,0.28073876882032467,0.576790457491701
442,0.17083554746127627,0.22315122912562313,0.5491582197200099,0.3772317526995159,0.11936091058209852,0.7220842251357154
443,0.6070802442474587,0.31213810876249926,0.18660927643736702,0.45818007134546346,0.5531118974446053,0.7320679871423132
444,0.380338136087751,0.42356947776208353,0.11534761044474806,0.6287516046706609,0.6204362546747607,0.6989143204983773
445,0.977074680446224,0.5113651489186529,0.31543384511449024,0.5126707598879828,0.9461056398205806,0.3494858833322898
446,0.48782272254758663,0.7137300282688841,0.03552283067405626,0.7388775177637178,0.424385572256322,0.004804311261897287
447,0.40751826306970107,0.5018180389124229,0.9136762785714984,0.9041718970669127,0.6420752357104772,0.2102765218957482
448,0.25237524635834574,0.837039257452034,0.005596397848992463,0.050909099694863014,0.629571852846421,0.9879384716898061
449,0.7394972013449691,0.09838699232576964,0.41920328211619107,0.035968389067387196,0.7415422905981928,0.8430922119854967
450,0.5325905016138701,0.23986998088747613,0.6280027967193649,0.5064577043338091,0.9391103891406458,0.9537036571547188
451,0.8046503385203233,0.13861197463776154,0.689267352401405,0.1673148896011155,0.9323992986456268,0.4320316951863048
452,0.41973672406706897,0.19725690400893703,0.8944063860763145,0.6806914013365643,0.8927713297664345,0.09971344910532243
453,0.6307630188247653,0.278126989789529,0.7678886124240379,0.45952570215926347,0.5292808153092977,0.0433454081464234
454,0.30860906011152367,0.5891944503328665,0.5115340119574772,0.7555319570779704,0.18542054380122064,0.47542936216708453
455,0.09254968808175779,0.11627908250538188,0.8662923779790438,0.9279985779832065,0.48805241414320166,0.7508721654800851
456,0.9300434570657332,0.998875241858934,0.09991912853623941,0.10742579775576999,0.4615114065603044,0.4446167744081806
457,0.1531891168312346,0.3199178991451396,0.7701543877649886,0.6410707082296663,0.9234846387247853,0.10604481331272475
458,0.9762853646846141,0.953113965630276,0.3176573761193372,0.7543572398771512,0.2567817508838336,0.18764918582945467
459,0.9444175510463517,0.18314882743344552,0.7084635449230074,0.7154350269415856,0.060433281294864916,0.8250985133386697
460,0.05907676579550192,0.36610102726317484,0.5654662564526514,0.35155815402728485,0.4677440805761647,0.7502474628652175
461,0.4251286894055746,0.008020656675859938,0.17134040190280408,0.9296194447570919,0.7315867636849066,0.4107330023436305
462,0.69662423874858,0.7114822919555287,0.34342251039618366,0.7921207035826322,0.6694875995097421,0.6896741162826759
463,0.6409134647448491,0.5340204656492755,0.3564878183181507,0.041186845596296484,0.575213943343235,0.08184229118218855
464,0.5528588165585443,0.1907137649281292,0.13291778304062174,0.8763874180978034,0.3298644870600871,0.9851758268479064
465,0.6204839446625448,0.8449932939448944,0.3172856076456473,0.18444203283931115,0.682671189166123,0.3016824080891989
466,0.7776745256237518,0.3020297194136671,0.8756307113449691,0.6202620569731976,0.3265132058012159,0.8980284442509532
467,0.5589127295795501,0.19382547720042376,0.10530657124001219,0.15706057035245535,0.8520631964501856,0.8205660728335139
468,0.4312750140605732,0.3453019321409868,0.9103012018363673,0.1745427339552258,0.9544882643686803,0.6362231256691528
469,0.32429016010486555,0.3396166293783207,0.9657391212539165,0.47711764300916293,0.04748903588554376,0.5627472225642741
470,0.8555117238802143,0.6320371530523521,0.19015551143684417,0.5576084803374504,0.42768409240076344,0.7289040436187975
471,0.6776327036443416,0.8602091202407981,0.8484686393617782,0.9539425934232988,0.9124021878987865,0.41602643090428215
472,0.8811877412501191,0.9405978548375467,0.674632823002775,0.03728364618172442,0.642370535240621,0.25542203934948626
473,0.2516246867002391,0.474036188561905,0.07313224238967642,0.0968697866080741,0.7031617667888693,0.6938090687344665
474,0.09910450920087843,0.5743027180289831,0.9724068657760054,0.3685290294133182,0.952126240814897,0.803324175189221
475,0.9693176302189879,0.36172164054028233,0.6814782613189517,0.5656728867832506,0.49606786251062074,0.8166057976019514
476,0.3109783724560652,0.8448481349069383,0.4737674515643736,0.25615367497241504,0.9499732688545581,0.15140486007978615
477,0.6441701414891975,0.5602992005870752,0.7910145363400433,0.7779336053543076,0.06809184824866499,0.2256137141487149
478,0.13120411004328603,0.028662244234299417,0.6451844562996105,0.4566840255532406,0.3913197108361498,0.6750226411104163
479,0.2301000296967427,0.39211092203246956,0.39723413469085234,0.5775308146465085,0.16437867623686198,0.5663397952389652
480,0.9403087030738876,0.9416996425090144,0.8868488358071517,0.05752829267338189,0.9922135025673126,0.20006673003680053
481,0.7636044733999156,0.8387955306581435,0.4095644570015692,0.36456136675284034,0.2216808536725735,0.1449201854915938
482,0.42540702782008966,0.8470727969912436,0.3522816056791781,0.32206808614723714,0.9522026298367364,0.26443671451911355
483,0.10964536414646353,0.9006495354183177,0.16634379318494286,0.4380347013723346,0.7264505154908845,0.283224727972745
484,0.0781382627368582,0.6722294075470026,0.5445520988792049,0.15293069828369565,0.7761862649797346,0.23930995853533865
485,0.16162726106493397,0.40537900668397653,0.5440030043849847,0.109892754413628,0.8263934605636944,0.117894691562479
486,0.8204325320959356,0.7148020804459636,0.41186781653209426,0.5014295770156522,0.9160363722632868,0.8969153448096587
487,0.019801352204803724,0.24849571476110643,0.14555120822891,0.6551635023573831,0.5121346523685867,0.3629348240931718
488,0.5769887765989926,0.3537681016949974,0.0760729755302777,0.5048181775172763,0.8929799731363349,0.4529241922892303
489,0.5043050594420498,0.9334468351896069,0.46025593337179715,0.8415416168082175,0.4109540806043297,0.44331748873046806
490,0.5682356070804735,0.7073430431794575,0.06740562938660777,0.85904402283012,0.02917278918506616,0.6008386690152218
491,0.9229298986282035,0.20907681581280801,0.46059281561501586,0.8704733046428121,0.2727145693240254,0.7503105867209093
492,0.06556308951772705,0.8118942412639513,0.3344994673225541,0.8594183154682117,0.16815142646118553,0.6802590766187708
493,0.05294063127455406,0.5567352934748361,0.7394146465338701,0.5859938975592014,0.5510749812809058,0.1365081979803674
494,0.34935999857817124,0.7202753934655317,0.7349223735677604,0.4972195186788766,0.001044514146653297,0.553894041114012
495,0.9745340804673159,0.939589828798671,0.7740039406707473,0.01308937432571411,0.6429398478533161,0.033769496077356354
496,0.5442530837747808,0.4497053322376341,0.6861216979247213,0.22767142941646024,0.5957267448999551,0.5605849186635784
497,0.27709587092037224,0.7325535406899861,0.6085255740258364,0.26767118907034537,0.8735634384862173,0.945049105004144
498,0.2359225255086631,0.4613766346380639,0.09091827003676156,0.6521617899553369,0.8941645251563044,0.8595602962358119
499,0.2607220077836233,0.5141908682812192,0.8773578957638292,0.6859990510676146,0.5573600267088668,0.7593403967796337
